Timestamp,market-cap
2009-01-10 06:17:57,0
2009-01-15 02:37:08,0
2009-01-19 14:00:19,0
2009-01-24 07:57:06,0
2009-01-27 20:39:42,0
2009-02-01 02:18:27,0
2009-02-05 02:20:03,0
2009-02-09 02:18:29,0
2009-02-13 01:44:00,0
2009-02-17 01:02:44,0
2009-02-21 06:56:30,0
2009-02-25 18:43:37,0
2009-03-02 12:56:24,0
2009-03-07 05:57:29,0
2009-03-11 21:45:15,0
2009-03-16 05:41:11,0
2009-03-20 12:54:08,0
2009-03-25 10:02:44,0
2009-03-29 22:11:45,0
2009-04-03 17:23:33,0
2009-04-08 05:37:20,0
2009-04-12 21:00:02,0
2009-04-17 02:58:53,0
2009-04-21 09:19:20,0
2009-04-26 01:48:55,0
2009-04-30 10:30:22,0
2009-05-04 16:34:32,0
2009-05-08 20:00:18,0
2009-05-13 18:41:27,0
2009-05-17 20:04:52,0
2009-05-24 00:20:03,0
2009-05-28 20:29:31,0
2009-06-03 02:11:10,0
2009-06-11 14:26:44,0
2009-06-18 01:34:27,0
2009-06-24 14:59:52,0
2009-07-01 09:43:38,0
2009-07-07 18:36:29,0
2009-07-14 10:01:09,0
2009-07-23 15:22:46,0
2009-08-05 14:15:37,0
2009-08-11 22:38:39,0
2009-08-28 03:14:34,0
2009-09-04 01:35:24,0
2009-09-11 19:11:22,0
2009-09-19 04:34:17,0
2009-09-26 15:38:48,0
2009-10-03 03:35:20,0
2009-10-11 17:13:43,0
2009-10-19 10:12:42,0
2009-10-25 11:34:24,0
2009-11-03 22:49:28,0
2009-11-11 14:48:05,0
2009-11-17 14:31:01,0
2009-11-23 14:09:19,0
2009-11-29 23:56:20,0
2009-12-06 17:57:02,0
2009-12-11 11:47:30,0
2009-12-16 04:37:44,0
2009-12-19 00:20:27,0
2009-12-21 17:16:26,0
2009-12-24 23:45:06,0
2009-12-28 01:44:29,0
2009-12-31 12:48:01,0
2010-01-04 08:48:00,0
2010-01-07 06:47:18,0
2010-01-10 11:29:58,0
2010-01-13 13:45:10,0
2010-01-17 04:24:57,0
2010-01-20 22:59:57,0
2010-01-24 05:18:30,0
2010-01-26 21:19:27,0
2010-01-29 17:05:49,0
2010-02-01 10:40:24,0
2010-02-03 23:29:37,0
2010-02-06 06:07:56,0
2010-02-08 18:09:48,0
2010-02-11 12:31:28,0
2010-02-14 00:55:56,0
2010-02-16 18:46:40,0
2010-02-19 00:57:55,0
2010-02-21 12:34:05,0
2010-02-23 15:26:30,0
2010-02-26 12:28:23,0
2010-03-01 11:08:55,0
2010-03-04 09:22:02,0
2010-03-07 09:01:19,0
2010-03-10 16:58:08,0
2010-03-14 08:56:43,0
2010-03-18 05:44:13,0
2010-03-21 07:59:58,0
2010-03-24 00:53:16,0
2010-03-26 18:48:44,0
2010-03-29 13:33:55,0
2010-04-01 07:45:44,0
2010-04-04 10:17:21,0
2010-04-07 12:42:09,0
2010-04-10 03:50:28,0
2010-04-12 08:36:10,0
2010-04-15 02:06:17,0
2010-04-17 12:30:12,0
2010-04-19 17:23:33,0
2010-04-22 04:27:36,0
2010-04-25 11:51:36,0
2010-04-28 11:12:45,0
2010-05-01 17:17:52,0
2010-05-05 00:39:57,0
2010-05-08 16:31:03,0
2010-05-12 14:32:21,0
2010-05-17 02:15:44,0
2010-05-20 07:36:48,0
2010-05-23 01:03:50,0
2010-05-25 13:46:50,0
2010-05-28 03:06:14,0
2010-05-30 22:35:09,0
2010-06-03 13:41:51,0
2010-06-07 04:54:19,0
2010-06-10 08:22:07,0
2010-06-13 16:52:05,0
2010-06-16 20:58:55,0
2010-06-20 07:29:05,0
2010-06-23 10:52:57,0
2010-06-26 13:08:55,0
2010-06-29 18:43:01,0
2010-07-02 12:18:27,0
2010-07-05 07:51:38,0
2010-07-08 11:37:47,0
2010-07-11 05:32:51,0
2010-07-12 18:07:28,0
2010-07-13 10:53:04,0
2010-07-14 09:47:46,0
2010-07-15 07:31:52,0
2010-07-16 04:01:47,0
2010-07-17 16:03:57,0
2010-07-20 15:08:43,0
2010-07-23 09:14:02,0
2010-07-25 21:49:17,0
2010-07-28 13:37:33,0
2010-07-31 10:57:52,0
2010-08-02 15:10:47,0
2010-08-04 19:26:31,0
2010-08-07 15:10:10,0
2010-08-10 09:09:05,0
2010-08-12 16:15:12,0
2010-08-14 19:35:21,0
2010-08-17 18:44:54,0
2010-08-21 02:55:00,263838.75
2010-08-23 15:26:28,265609.75
2010-08-26 00:17:42,267387.75
2010-08-28 18:50:59,269193.75
2010-08-31 21:09:52,270975.25
2010-09-04 01:38:31,233797.5
2010-09-07 03:33:20,235318.5
2010-09-10 09:39:54,236857.5
2010-09-13 08:17:30,238384.5
2010-09-16 02:32:48,599756.25
2010-09-18 12:02:26,241435.5
2010-09-20 20:41:35,242962.25
2010-09-23 13:41:07,244480.5
2010-09-25 20:13:48,246001.5
2010-09-28 06:28:25,247546.5
2010-10-01 05:19:19,249067.5
2010-10-05 04:07:36,250597.5
2010-10-08 10:46:31,294138.25
2010-10-11 13:21:44,507279
2010-10-14 12:54:05,425287.5
2010-10-16 21:43:34,513411
2010-10-18 20:21:14,430418.5416666667
2010-10-20 22:13:27,433002.5
2010-10-23 20:05:08,479131.8125
2010-10-26 07:46:28,701020
2010-10-28 14:24:15,837315.75
2010-10-30 18:19:20,842189.25
2010-11-02 14:14:03,891595
2010-11-05 04:55:42,1076058
2010-11-07 11:47:01,1533088.3333333333
2010-11-09 10:28:52,1632440.25
2010-11-11 21:19:43,1185567.5
2010-11-14 08:55:45,1375678.75
2010-11-16 20:51:44,1291201.9166666667
2010-11-18 21:06:33,1298479
2010-11-22 12:05:20,1352260.3333333333
2010-11-25 17:46:19,1312773
2010-11-28 10:58:42,1319941
2010-12-01 01:30:35,1299503.9166666667
2010-12-03 18:02:36,1191356.25
2010-12-06 00:10:01,1189832.375
2010-12-08 03:47:46,1107892.75
2010-12-10 14:20:03,1113746.25
2010-12-13 16:41:01,1119657.25
2010-12-16 16:30:33,1223568.75
2010-12-19 16:59:25,1229993.75
2010-12-22 17:25:55,1335413.25
2010-12-26 00:20:38,1242818.75
2010-12-29 04:33:34,1449087.7083333333
2011-01-01 07:31:44,1506742.5
2011-01-04 08:33:25,1514392.5
2011-01-07 18:46:46,1522042.5
2011-01-10 19:12:21,1631628.6666666667
2011-01-13 19:10:52,1844847
2011-01-16 17:50:31,2060013.3333333333
2011-01-19 18:55:53,1966766
2011-01-22 19:48:09,2288605
2011-01-25 19:27:59,2299759
2011-01-28 18:18:48,2258456.75
2011-01-31 23:00:19,2533260
2011-02-04 02:59:42,4136556.125
2011-02-06 21:21:14,4902335
2011-02-09 14:41:39,4872253.75
2011-02-12 06:40:42,5540859.25
2011-02-14 21:44:43,5837211
2011-02-17 02:58:22,5701782.1875
2011-02-19 14:53:18,5674006
2011-02-22 06:21:58,4823478
2011-02-24 13:54:33,5231436.25
2011-02-26 16:30:59,5532025
2011-03-01 03:58:55,5284136.9375
2011-03-04 05:10:43,5247808.5
2011-03-06 03:32:24,5159475
2011-03-08 09:13:33,5126462.25
2011-03-12 00:07:11,5036487.75
2011-03-16 05:03:18,5115982.5
2011-03-20 05:10:08,4682078.708333333
2011-03-23 18:54:10,4645532.25
2011-03-27 03:05:57,5177587.0625
2011-03-30 08:47:39,4629020
2011-04-02 05:39:40,4649630
2011-04-05 03:59:32,4495584.041666667
2011-04-08 08:16:26,4573822.5
2011-04-11 10:26:55,4475887
2011-04-14 07:35:50,5855532.375
2011-04-17 12:18:31,6474845.25
2011-04-20 20:50:32,7098974.75
2011-04-23 21:40:49,8267269.5
2011-04-26 17:09:45,10287659.25
2011-04-29 11:20:36,16070190.5
2011-05-02 04:36:45,23963958.75
2011-05-04 18:46:27,21383534.25
2011-05-07 03:44:51,22145621.5
2011-05-09 10:50:54,24019032.25
2011-05-12 00:45:52,34019698.541666664
2011-05-14 12:50:16,53019570
2011-05-16 17:51:13,53111754.5
2011-05-18 14:30:43,51641808.25
2011-05-21 01:17:16,44861269.625
2011-05-23 03:59:51,42870822.75
2011-05-24 21:06:13,46709788.25
2011-05-26 12:31:43,50450501.25
2011-05-29 07:46:30,55303010.583333336
2011-06-01 11:06:39,60576985.75
2011-06-04 00:28:38,79360577.8125
2011-06-06 06:35:00,122821541.25
2011-06-08 23:39:44,143303917.5
2011-06-11 06:22:34,219629865
2011-06-13 10:05:29,162232605.75
2011-06-15 09:18:04,135882066.66666666
2011-06-17 21:10:28,130293211.5
2011-06-20 05:42:30,122148878.25
2011-06-22 06:23:28,101951439.75
2011-06-24 06:40:18,107594977.5
2011-06-27 12:18:28,117682453.75
2011-06-30 12:05:54,116251506.25
2011-07-03 08:55:28,109629317.5
2011-07-06 13:31:10,103694976
2011-07-09 23:41:10,104963725.25
2011-07-13 08:32:52,98758143
2011-07-16 09:29:35,97281543.75
2011-07-19 13:41:22,95450797.75
2011-07-22 23:42:44,95871304.5
2011-07-26 04:01:01,101194681.5
2011-07-29 04:03:30,96646646.25
2011-08-01 05:52:07,101383123.5
2011-08-04 15:49:24,88706611.72916667
2011-08-08 14:31:34,67107660.5
2011-08-12 05:18:04,72767486.25
2011-08-16 05:15:56,83057653.25
2011-08-19 21:14:58,82866712.5
2011-08-23 03:07:21,81750912.5
2011-08-26 19:52:09,77127998.75
2011-08-30 16:57:40,67306115
2011-09-03 06:16:20,61440175.3125
2011-09-06 19:25:06,59640000.916666664
2011-09-10 12:54:34,48928232.166666664
2011-09-14 08:28:23,44962457.75
2011-09-18 03:31:30,36595998.708333336
2011-09-21 18:15:53,48794885.25
2011-09-25 12:34:28,41258597.75
2011-09-29 07:39:10,36466526.25
2011-10-03 06:21:20,37998435.166666664
2011-10-07 04:26:03,36480592.5625
2011-10-11 09:58:02,31490931.1875
2011-10-15 19:19:51,30629263.541666668
2011-10-19 23:52:43,21289705
2011-10-24 13:09:43,24972625
2011-10-28 23:16:07,23396552.5
2011-11-02 00:07:56,25589668.395833332
2011-11-05 14:48:45,24467592.625
2011-11-09 09:36:44,24324753.520833332
2011-11-13 03:57:24,23771846.354166668
2011-11-16 16:16:33,20499125.25
2011-11-20 12:20:13,18101996.145833332
2011-11-24 12:42:14,18550740
2011-11-28 17:44:58,19465374.208333332
2011-12-02 06:00:45,24439025.583333332
2011-12-06 00:10:49,23275886
2011-12-09 11:55:23,24218261.25
2011-12-13 02:10:51,26303820
2011-12-17 03:09:48,25394090.9375
2011-12-20 17:07:01,30793248.104166668
2011-12-24 08:47:58,31373961.25
2011-12-27 19:21:05,33875156.25
2011-12-31 11:16:58,35748042.75
2012-01-03 22:58:51,43730936.25
2012-01-07 06:45:38,57723070.875
2012-01-10 15:20:25,57593540.520833336
2012-01-14 08:45:38,55360707.291666664
2012-01-17 22:15:42,58069039.875
2012-01-21 11:46:55,53604465.75
2012-01-25 01:58:49,53118006.8125
2012-01-28 19:37:08,46812888.75
2012-02-01 02:32:20,46470079.5
2012-02-04 13:22:18,50503757.958333336
2012-02-08 04:26:55,47604458.729166664
2012-02-11 19:53:21,49407571.125
2012-02-15 11:11:23,45306777.4375
2012-02-18 21:47:10,39338001.25
2012-02-22 11:25:42,37445658.25
2012-02-25 18:29:44,43543010.958333336
2012-02-29 03:44:50,42076341.625
2012-03-03 20:08:18,41868301.041666664
2012-03-07 15:32:16,42933932.1875
2012-03-10 22:27:28,42216425.625
2012-03-14 11:58:40,46371510.083333336
2012-03-18 03:41:14,46344093.75
2012-03-21 15:22:21,42617767.5
2012-03-25 03:32:41,40853049.416666664
2012-03-28 17:06:18,41329545.75
2012-04-01 08:11:07,42936318.75
2012-04-05 09:13:24,43243140
2012-04-09 07:38:40,41975580
2012-04-13 04:50:56,43597036.729166664
2012-04-17 06:51:15,43903891.25
2012-04-21 00:06:06,45803782.75
2012-04-24 21:19:16,46123478.75
2012-04-28 17:49:57,45557435.25
2012-05-01 20:27:07,44535531.25
2012-05-05 05:20:44,46008211.666666664
2012-05-08 07:47:20,45698167.5
2012-05-11 22:08:05,45834167.5
2012-05-15 20:12:32,45519311.25
2012-05-19 20:07:22,46372763.25
2012-05-23 21:09:48,46504903.5
2012-05-27 17:07:29,46822426.666666664
2012-05-31 12:47:38,47231844.333333336
2012-06-04 01:58:30,48245471.75
2012-06-07 18:27:32,50260139.666666664
2012-06-11 02:04:40,51817944.333333336
2012-06-14 16:39:03,54981831.916666664
2012-06-18 02:28:52,60556674.208333336
2012-06-21 18:44:02,62084008.375
2012-06-25 07:15:59,61047961.333333336
2012-06-28 20:28:23,61408233.833333336
2012-07-02 12:08:14,62797044.75
2012-07-06 00:57:04,62507286
2012-07-09 09:38:24,64756968
2012-07-13 03:30:54,69819436.72916667
2012-07-16 16:42:09,73842405
2012-07-20 03:53:01,88006019.625
2012-07-23 19:40:20,86157734.58333333
2012-07-27 07:09:03,85077691.875
2012-07-30 13:58:48,85709563.125
2012-08-03 09:56:35,97196506.91666667
2012-08-07 00:55:49,108015872.875
2012-08-10 07:18:56,114930373.54166667
2012-08-13 17:21:12,114194476.6875
2012-08-17 03:09:11,134452012.625
2012-08-20 13:07:54,113374521.5
2012-08-23 19:19:51,100213566.75
2012-08-27 08:57:25,107644943.58333333
2012-08-30 21:50:49,109420468.41666667
2012-09-03 09:41:53,101060743.5
2012-09-06 18:44:27,105891356
2012-09-10 08:36:16,110346434.5
2012-09-14 03:38:50,113911584.79166667
2012-09-17 19:17:13,119346257.5
2012-09-21 10:02:14,126474850.625
2012-09-24 21:52:36,123023189
2012-09-28 17:14:42,125178741.04166667
2012-10-02 12:16:51,126747771.95833333
2012-10-06 16:54:34,131047528.95833333
2012-10-10 11:54:17,124625573.125
2012-10-14 06:35:42,122930781.875
2012-10-18 00:11:45,122145853.22916667
2012-10-21 18:02:53,120954529.33333333
2012-10-25 09:35:50,120769980.75
2012-10-28 22:28:08,110738717.83333333
2012-11-01 20:34:11,115063007.75
2012-11-05 16:08:14,110837569.22916667
2012-11-09 11:23:23,114868117.52083333
2012-11-13 09:24:17,116009455.8125
2012-11-17 05:13:43,122878415
2012-11-21 04:31:11,123510028.45833333
2012-11-24 18:07:00,130133140.04166667
2012-11-28 08:04:06,131209062.5
2012-12-01 21:54:24,133086205.9375
2012-12-06 05:14:51,142632367.13541666
2012-12-10 07:43:22,142606904.6875
2012-12-14 09:54:49,145854293.375
2012-12-18 19:44:54,142335792.21875
2012-12-22 20:53:39,144206592.625
2012-12-26 22:11:01,142378460
2012-12-30 09:20:22,144785919.6875
2013-01-02 15:43:36,143586568.66666666
2013-01-06 03:52:54,143943753.41666666
2013-01-09 18:17:08,147351885
2013-01-13 19:51:34,152861352.75
2013-01-17 20:30:10,158600222.75
2013-01-21 18:38:53,172584098.28125
2013-01-25 12:54:59,204359733.75
2013-01-29 03:42:09,198720359.39583334
2013-02-01 10:35:39,229543310.41666666
2013-02-04 14:41:57,223059674.625
2013-02-08 01:15:26,232899471.875
2013-02-11 11:13:55,258064915.125
2013-02-14 21:50:57,261936686.25
2013-02-17 17:20:44,295602238.25
2013-02-20 20:10:43,318545771.5
2013-02-23 19:38:59,330178712.5
2013-02-26 21:30:17,329280260
2013-03-01 19:59:03,361773771
2013-03-05 03:02:35,386464185.9375
2013-03-08 10:53:06,469060456.875
2013-03-11 11:02:46,496281330
2013-03-14 18:31:36,512891488.6875
2013-03-17 16:11:28,515469100.78125
2013-03-20 10:20:07,650206751.375
2013-03-22 18:19:48,768212728.125
2013-03-25 10:07:59,787508371.7708334
2013-03-28 18:43:32,973342350
2013-03-31 19:43:05,1015086906.25
2013-04-03 13:01:13,1289198445.75
2013-04-06 19:20:35,1563069803.75
2013-04-09 21:03:36,2058908685
2013-04-12 20:23:32,1377070898.75
2013-04-16 00:15:55,1103816666.6666667
2013-04-19 04:18:54,1203052295.625
2013-04-22 09:55:37,1316599637.5
2013-04-25 14:08:01,1717665807.375
2013-04-28 15:59:00,1424992718.75
2013-05-01 22:05:54,1543214487.5
2013-05-05 11:16:41,1257116396.25
2013-05-08 09:09:33,1242982241.25
2013-05-11 10:44:56,1305682715
2013-05-14 10:48:57,1316005889.625
2013-05-17 20:58:31,1311033815.375
2013-05-21 09:08:36,1364069206.25
2013-05-24 11:15:18,1417999476.25
2013-05-27 12:58:07,1495812431.25
2013-05-30 15:36:17,1484066981.25
2013-06-02 06:55:45,1452089103.75
2013-06-04 19:49:04,1372030576.625
2013-06-07 16:57:12,1339151601.125
2013-06-10 16:39:29,1129180102.5
2013-06-13 10:18:11,1219599063.75
2013-06-16 07:08:16,1125992319.375
2013-06-19 18:06:02,1214329875.875
2013-06-22 19:22:38,1243765481.125
2013-06-26 00:37:25,1169657099.15625
2013-06-29 01:16:45,1141194314.7916667
2013-07-02 05:50:50,988194937.5
2013-07-05 05:51:11,910167856.5
2013-07-08 00:24:48,806700942.3645834
2013-07-10 18:12:54,874147023.75
2013-07-13 19:36:31,1072405927.125
2013-07-16 21:04:52,1123983225
2013-07-19 21:31:18,1030337423.75
2013-07-22 16:02:21,1039069263.5
2013-07-26 02:12:42,1108189729.5625
2013-07-29 04:15:55,1132522046.25
2013-07-31 21:41:30,1238323977.9166667
2013-08-03 14:17:54,1201753918.75
2013-08-06 13:03:18,1228666026
2013-08-09 03:14:51,1187271370.375
2013-08-11 15:29:04,1188477087.5
2013-08-14 06:56:40,1263181356.5625
2013-08-17 08:49:39,1136255109.375
2013-08-20 03:40:54,1190788729.1666667
2013-08-22 18:38:31,1279995510.375
2013-08-25 14:21:20,1265293345
2013-08-28 15:58:05,1367519395.5
2013-08-31 06:23:32,1451834582.5
2013-09-02 12:42:58,1521307507.875
2013-09-05 08:16:12,1425082832.375
2013-09-08 11:46:36,1399262036.3333333
2013-09-11 05:39:46,1425335448.25
2013-09-13 17:18:17,1485958168.375
2013-09-16 09:52:44,1467495953.125
2013-09-19 09:57:12,1489857523
2013-09-22 02:39:34,1448096502.1875
2013-09-24 14:25:55,1440660698.125
2013-09-27 08:45:42,1465791421.40625
2013-09-30 12:30:10,1495201675.2291667
2013-10-03 10:11:00,1223967013.125
2013-10-06 00:34:19,1434781349.3958333
2013-10-09 03:32:01,1466134918.5
2013-10-11 23:26:42,1499436945
2013-10-14 09:55:12,1570063313.75
2013-10-16 12:45:57,1671384610.9583333
2013-10-19 10:21:47,1995783407.5
2013-10-21 22:20:28,2210835338.25
2013-10-24 07:18:41,2422387668.75
2013-10-26 16:51:53,2224479613.125
2013-10-29 18:20:18,2465867821.25
2013-11-01 10:08:56,2428529877.25
2013-11-03 23:42:20,2446927223.25
2013-11-06 22:50:16,3020354397.125
2013-11-10 12:16:23,3950223750
2013-11-13 05:57:25,4253001821.25
2013-11-16 07:13:46,4943190006.479167
2013-11-19 11:08:26,7929387804.375
2013-11-22 17:39:30,8618190117.229166
2013-11-25 20:56:29,9719917033.854166
2013-11-28 23:49:09,11628661130.208334
2013-12-01 22:57:15,13501900558.333334
2013-12-05 00:11:17,12683688105.375
2013-12-07 20:06:56,9672681666.666666
2013-12-10 14:54:19,10821156662.5
2013-12-13 20:29:06,10599417777.666666
2013-12-16 17:41:36,10469005449.4375
2013-12-19 07:54:58,6339618225
2013-12-22 07:42:03,7293698281.125
2013-12-25 10:26:46,7947899712.5
2013-12-28 11:12:03,8821361459.25
2013-12-31 14:06:34,8983725731.25
2014-01-03 18:47:41,9539863195.125
2014-01-06 22:46:52,11063213644.3125
2014-01-09 19:03:33,10075713490.416666
2014-01-12 11:50:16,10965346083.333334
2014-01-15 11:26:39,10008229800
2014-01-18 11:51:49,9724324500
2014-01-21 12:30:15,10175150786.5
2014-01-24 12:33:14,9982475315.1875
2014-01-27 23:17:19,10030752541.760416
2014-01-31 06:21:58,9866370000
2014-02-03 02:13:52,10056935497.354166
2014-02-06 07:30:50,9653241354.166666
2014-02-09 12:38:17,8424039780.833333
2014-02-12 22:23:05,8362707720.520833
2014-02-15 22:26:27,8312399649.78125
2014-02-19 03:33:17,7816442483.6875
2014-02-22 09:17:08,7202664657.291667
2014-02-25 11:35:27,6752584764.041667
2014-02-28 15:29:39,7263279781.875
2014-03-04 09:59:42,8504818350.25
2014-03-07 21:27:11,8352733296.875
2014-03-11 07:11:38,7866298535.0625
2014-03-14 19:03:07,8021286647.625
2014-03-18 04:26:42,7826048017.604167
2014-03-21 11:37:04,7344039490
2014-03-24 12:08:39,7025169247.833333
2014-03-27 19:14:11,7271086956.25
2014-03-31 02:41:11,5902627884.666667
2014-04-03 03:02:42,5531482115.5
2014-04-06 02:59:15,5763539288.541667
2014-04-09 21:13:25,5718925396.875
2014-04-13 05:36:22,5350720290.020833
2014-04-16 07:47:59,6617322330.208333
2014-04-19 21:01:19,6106839661.197917
2014-04-23 04:05:24,6194917540.125
2014-04-26 16:44:22,5879629285.6875
2014-04-30 03:53:54,5691003594.791667
2014-05-03 20:17:34,5788130541.25
2014-05-07 09:11:38,5451850493.375
2014-05-10 18:21:34,5725575972.916667
2014-05-14 03:53:55,5607448581.697917
2014-05-17 09:08:16,5739497227.333333
2014-05-20 18:12:12,5731917011.0625
2014-05-24 01:31:26,6758877721.8125
2014-05-27 14:33:23,7499069382.5
2014-05-31 00:57:38,7415063482.34375
2014-06-03 03:36:59,8505665625
2014-06-06 10:37:00,8507930954.5
2014-06-10 02:30:16,8389412717.458333
2014-06-13 13:35:26,7409450033.125
2014-06-16 14:21:44,7650241860.15625
2014-06-19 20:10:51,7853586033.333333
2014-06-22 19:52:29,7641741310.583333
2014-06-25 18:38:34,7442881915.4375
2014-06-28 19:48:15,7762078480.208333
2014-07-02 14:24:44,8292358990.625
2014-07-06 05:11:37,8193807118.75
2014-07-09 19:15:32,8124054688.114583
2014-07-13 09:26:56,8278590459.375
2014-07-17 00:58:58,8107781698.0625
2014-07-20 04:50:53,8215333875
2014-07-23 21:34:46,8093365687.5
2014-07-27 11:30:58,7786830761.354167
2014-07-31 03:46:58,7393645192.239583
2014-08-03 17:32:47,7721061212.71875
2014-08-07 09:21:18,7639068878.052083
2014-08-10 18:17:06,7737322028.333333
2014-08-14 00:07:16,7464554535.177083
2014-08-17 04:49:40,6889146421.5
2014-08-20 08:18:45,6450623375
2014-08-23 17:19:54,6795843933.739583
2014-08-27 04:41:07,6779531997.333333
2014-08-30 10:20:39,6725565924.6875
2014-09-02 19:38:49,6297137808.666667
2014-09-06 08:23:57,6430158890.53125
2014-09-09 22:34:07,6197693747.8125
2014-09-13 07:53:24,6293860177.4375
2014-09-16 16:58:13,6250132395.927083
2014-09-19 18:19:49,5655038101.5
2014-09-23 00:34:36,5334871504.895833
2014-09-26 13:32:18,5462156268.59375
2014-09-30 11:40:39,4983476798.125
2014-10-04 03:57:03,4845063376.3125
2014-10-07 11:54:50,4375730131.46875
2014-10-11 05:22:38,4825192774.6875
2014-10-15 01:36:33,5304831442.5625
2014-10-18 14:53:44,5132942943.270833
2014-10-22 08:43:06,5175081954.90625
2014-10-25 19:57:07,4812408596.416667
2014-10-29 14:32:45,4780956662.322917
2014-11-01 17:57:00,4543605197.114583
2014-11-05 01:30:24,4423347282.03125
2014-11-08 17:51:28,4612114882.09375
2014-11-12 10:29:07,4983881162.125
2014-11-16 01:22:32,5265404259.53125
2014-11-19 17:45:04,5068210738.5
2014-11-23 12:20:46,4777127662.5
2014-11-27 08:27:08,4969086599.75
2014-11-30 21:47:11,5092385371.375
2014-12-04 21:22:04,5103428630.96875
2014-12-08 16:25:52,5108291688.541667
2014-12-12 08:22:21,4745664477.114583
2014-12-16 08:22:54,4736738159.75
2014-12-20 08:52:45,4341274931.614583
2014-12-24 03:40:53,4576325957.635417
2014-12-27 13:27:14,4504849537.5
2014-12-30 23:44:05,4283359242.5
2015-01-03 08:25:34,4330152539.03125
2015-01-06 19:09:49,3756236029.1666665
2015-01-10 13:17:54,3986517084.46875
2015-01-14 08:09:26,3046254168.75
2015-01-18 02:51:55,2786968067.625
2015-01-21 22:39:12,2897023695.3333335
2015-01-26 03:30:23,3485692402.3333335
2015-01-29 20:21:01,3253968211.0416665
2015-02-02 11:58:55,3130102433.25
2015-02-06 01:32:11,3062297583.09375
2015-02-09 15:20:11,3094175168
2015-02-13 07:38:10,3075021217.875
2015-02-16 19:56:36,3242043537.75
2015-02-20 05:40:16,3345146914.3958335
2015-02-23 22:08:46,3273340524.75
2015-02-27 14:29:31,3285012718.3333335
2015-03-03 06:42:05,3834163677.3125
2015-03-07 00:25:19,3798157026.71875
2015-03-10 19:27:44,3996793631.25
2015-03-14 11:05:45,3973038811.21875
2015-03-18 07:36:56,3969149118.6666665
2015-03-22 02:35:34,3644457967.4479165
2015-03-25 13:15:04,3424860104.1666665
2015-03-28 21:57:03,3464086089.5
2015-04-01 15:13:09,3412194225.46875
2015-04-05 05:27:34,3556285343.625
2015-04-09 02:57:55,3469287823.4375
2015-04-13 00:28:35,3320153254.1458335
2015-04-16 18:54:32,3128977889.375
2015-04-20 15:15:17,3132805834.4375
2015-04-24 07:52:56,3324125141.4375
2015-04-28 00:44:15,3108391143.9583335
2015-05-01 19:56:49,3330265257.375
2015-05-05 13:42:25,3365647559.375
2015-05-09 04:29:04,3432228233.5
2015-05-13 00:04:00,3410288083.90625
2015-05-16 16:08:11,3362877165.375
2015-05-20 07:21:25,3281366735.8333335
2015-05-24 04:25:26,3375952452.5833335
2015-05-27 22:23:16,3348343321.5
2015-05-31 17:17:15,3303413438.75
2015-06-04 07:31:26,3208233717.5
2015-06-07 21:54:19,3205452216.625
2015-06-11 07:27:09,3248552103.5416665
2015-06-15 00:48:48,3305812384.75
2015-06-18 20:10:16,3535483116.6666665
2015-06-22 14:52:13,3482970241.6145835
2015-06-26 04:31:12,3465220874
2015-06-30 01:05:32,3588253640.4166665
2015-07-03 14:15:56,3652369063.5
2015-07-07 00:03:50,3894913003.3958335
2015-07-10 15:55:37,3864892245.8333335
2015-07-14 08:14:15,4198374847.1041665
2015-07-17 22:15:44,3998360400.9791665
2015-07-21 12:37:27,4019755197.0833335
2015-07-25 02:46:48,4115412710.2708335
2015-07-28 21:14:46,4242722481.15625
2015-08-01 10:44:37,4107651056.4375
2015-08-05 03:42:53,4091024913.375
2015-08-08 18:44:41,4042978933.5
2015-08-12 04:28:00,3925866784.25
2015-08-16 00:35:26,3850761775.2604165
2015-08-19 17:52:53,3223768396.625
2015-08-23 04:39:33,3360414813.6875
2015-08-26 20:22:49,3229992792.7708335
2015-08-30 09:51:56,3342157967.7291665
2015-09-02 22:10:47,3321096881.0625
2015-09-06 10:54:59,3437458280.4375
2015-09-10 03:15:10,3492325444.9375
2015-09-13 15:48:53,3429009193.125
2015-09-17 03:09:26,3343684332.5104165
2015-09-21 01:04:06,3369188913.09375
2015-09-24 16:38:05,3360582635.6458335
2015-09-28 07:03:00,3470467145.546875
2015-10-01 17:01:21,3484080419.59375
2015-10-05 08:48:39,3513101401.3645835
2015-10-09 04:05:36,3576754897.9791665
2015-10-12 21:11:21,3631157138.6979165
2015-10-16 09:09:18,3787109915.96875
2015-10-20 00:48:46,3906223749.232639
2015-10-23 18:10:33,4107813717
2015-10-27 07:31:52,4288387293.7062497
2015-10-30 20:09:34,4883946158.010417
2015-11-03 06:45:55,5575342269.666667
2015-11-06 20:59:49,5668212323.947917
2015-11-10 10:47:33,5624621696.947917
2015-11-13 17:05:17,4993103310.25
2015-11-17 02:27:40,4946364148.947917
2015-11-20 18:51:41,4787716540.364583
2015-11-23 20:33:43,4816395685.453125
2015-11-27 02:28:52,5273879917.713293
2015-11-30 16:16:36,5642438076.148066
2015-12-04 00:11:56,5400901325.688368
2015-12-07 06:45:36,5861365227.592014
2015-12-10 10:29:24,6198090737.21025
2015-12-13 10:28:54,6502842943.113202
2015-12-16 08:23:12,6751086382.623619
2015-12-19 16:20:16,6969436281.642368
2015-12-23 00:23:24,6562820460.589417
2015-12-26 10:50:15,6573378041.726917
2015-12-29 10:19:08,6319101935.098966
2016-01-01 23:19:24,6531372140.356847
2016-01-05 06:52:38,6519531905.401344
2016-01-08 17:45:37,6846668728.865977
2016-01-11 19:21:09,6774095210.204198
2016-01-15 08:05:12,6271004743.804194
2016-01-18 16:12:35,5814270010.739816
2016-01-22 06:00:02,6059371244.630653
2016-01-25 05:18:34,6045683002.789375
2016-01-28 12:57:23,5794310027.280259
2016-01-31 13:15:06,5709692201.353923
2016-02-03 13:29:38,5630773233.414994
2016-02-06 10:07:25,5695003349.956664
2016-02-09 10:26:20,5642829304.265189
2016-02-12 07:45:44,5774286540.952989
2016-02-15 14:21:41,6142182014.2691965
2016-02-18 21:20:09,6395486862.554563
2016-02-22 15:22:04,6671847522.849874
2016-02-26 07:17:48,6441976647.733075
2016-03-01 01:02:58,6672887652.876015
2016-03-04 13:30:10,6409716602.910649
2016-03-08 02:09:05,6308727769.103203
2016-03-11 05:27:59,6401283674.74339
2016-03-14 18:54:49,6338752354.368976
2016-03-18 03:09:02,6406910695.644383
2016-03-21 19:57:09,6294115360.792531
2016-03-25 06:02:36,6358408025.342805
2016-03-28 17:41:28,6496595209.834447
2016-04-01 04:12:20,6390438733.850261
2016-04-04 14:09:19,6440268206.476035
2016-04-07 23:29:30,6493756549.068625
2016-04-11 03:44:16,6494507832.625015
2016-04-14 10:30:10,6542434444.609427
2016-04-17 21:41:57,6600640783.427363
2016-04-21 06:40:11,6863341588.522083
2016-04-24 20:50:13,7090348475.634557
2016-04-28 14:43:03,6908325146.588664
2016-05-02 00:16:14,6992271128.055467
2016-05-05 07:10:01,6941547878.290428
2016-05-08 11:55:00,7106376950.968768
2016-05-11 17:20:15,7034943473.010434
2016-05-15 06:26:50,7096023364.395851
2016-05-18 20:50:50,7081582997.914611
2016-05-22 09:38:01,6853501369.071433
2016-05-25 14:28:37,6991825099.425237
2016-05-29 05:55:39,8205906830.016652
2016-06-01 22:43:10,8413308507.602203
2016-06-05 13:50:37,9070133093.159662
2016-06-08 20:52:27,9077473672.059494
2016-06-12 04:00:35,9836397453.644508
2016-06-15 16:17:05,10692763413.520142
2016-06-18 23:30:04,11791194420.869925
2016-06-22 04:39:10,10512934438.596638
2016-06-25 19:41:16,10290632932.86151
2016-06-29 06:16:22,9916890567.69177
2016-07-02 17:03:32,10934335301.443174
2016-07-06 05:19:02,10580809292.27036
2016-07-09 18:19:30,10187454765.077188
2016-07-13 03:54:55,10498408192.921793
2016-07-16 19:35:04,10421394518.463984
2016-07-20 07:49:25,10623451754.031256
2016-07-24 05:32:14,10306495585.959208
2016-07-28 04:09:21,10369302716.427092
2016-07-31 19:55:48,9983845491.727646
2016-08-04 01:23:56,8896343989.2259
2016-08-07 03:54:44,9260694539.397778
2016-08-10 16:44:12,9395725799.911083
2016-08-14 01:40:04,9236535825.483027
2016-08-17 13:23:21,9076536623.175669
2016-08-20 22:19:16,9181813107.878841
2016-08-24 06:17:06,9163164215.873606
2016-08-27 22:03:44,8999081642.538652
2016-08-31 07:56:37,9081364588.58147
2016-09-03 22:39:16,9468565369.901007
2016-09-07 07:07:18,9652669706.080362
2016-09-10 19:23:26,9882010910.241913
2016-09-13 21:29:43,9619097326.813648
2016-09-17 04:22:46,9606817240.315228
2016-09-20 16:06:03,9642785495.602377
2016-09-24 05:33:55,9545934407.846006
2016-09-27 03:10:12,9647783793.78265
2016-09-30 14:02:21,9610519325.025053
2016-10-03 22:33:42,9720294951.740192
2016-10-07 02:19:36,9704344154.731215
2016-10-10 08:06:18,9814023065.873682
2016-10-14 04:47:00,10122652548.494856
2016-10-17 22:53:00,10121590834.746462
2016-10-21 14:34:32,10020099981.12758
2016-10-24 22:13:55,10347277794.643976
2016-10-28 10:07:51,10880510921.032183
2016-10-31 16:15:53,11196001385.425245
2016-11-04 06:08:56,11136287642.277456
2016-11-07 19:26:57,11220466139.167074
2016-11-10 23:18:02,11387615811.321463
2016-11-14 04:55:55,11212785017.293554
2016-11-17 05:23:12,11944103107.729706
2016-11-20 17:45:37,11709359221.580338
2016-11-24 09:23:24,11824677609.694616
2016-11-27 15:47:57,11748999799.673857
2016-12-01 00:31:31,11894660485.685204
2016-12-04 06:30:56,12249932263.425234
2016-12-07 16:03:30,12205842644.71002
2016-12-11 02:22:19,12313117117.27633
2016-12-14 01:38:49,12451168670.444933
2016-12-17 20:26:21,12668339303.45637
2016-12-21 08:02:30,12936700353.42965
2016-12-24 18:08:45,14344368455.952322
2016-12-28 01:03:06,15021929609.212576
2016-12-31 06:46:19,15231290979.99044
2017-01-03 13:40:03,16409767747.138437
2017-01-06 20:09:39,14451280959.382864
2017-01-10 08:21:42,14488354752.350939
2017-01-13 09:39:18,12550059492.353746
2017-01-16 12:07:25,13291973187.664705
2017-01-19 16:07:58,14295662120.308538
2017-01-22 13:22:37,14801873980.116419
2017-01-25 21:51:10,14414869916.345037
2017-01-29 02:43:17,14810799845.563871
2017-02-01 07:21:09,15655138447.096601
2017-02-04 12:13:54,16342397387.111517
2017-02-08 01:25:29,17040604501.52181
2017-02-11 09:13:03,16169793389.358084
2017-02-14 16:14:10,16239521960.750837
2017-02-18 03:10:00,16983285995.790726
2017-02-21 17:46:40,17813563949.896374
2017-02-25 02:59:19,18992913105.726948
2017-02-28 06:55:23,19277799449.422897
2017-03-03 15:50:10,20796278951.726635
2017-03-07 05:36:45,20705942642.5111
2017-03-10 13:28:38,19484586851.750652
2017-03-13 23:53:18,20152536713.451492
2017-03-17 08:36:15,18270125070.181747
2017-03-20 16:02:40,16991159738.271612
2017-03-24 02:28:52,16639961584.202978
2017-03-27 09:47:09,15901774831.180758
2017-03-30 18:58:26,16702923516.463427
2017-04-03 06:42:45,18451385915.820778
2017-04-06 17:40:49,19004248911.214405
2017-04-10 02:38:37,19742125184.135933
2017-04-13 11:29:53,19371487204.926655
2017-04-17 01:21:23,19431608200.58717
2017-04-20 17:48:51,20075312004.78427
2017-04-24 00:56:31,20295325099.736584
2017-04-27 16:14:07,21556837606.44283
2017-04-30 22:59:58,22124343190.936203
2017-05-04 09:38:45,25394086270.008854
2017-05-07 13:13:29,25549490010.231064
2017-05-10 19:28:57,29060966479.430035
2017-05-14 03:10:38,29262639907.110077
2017-05-17 11:51:24,29664812436.145596
2017-05-20 17:14:48,32331947006.803112
2017-05-24 00:51:00,36831969037.80798
2017-05-27 07:04:02,35321039142.75531
2017-05-30 08:29:21,37894956483.984985
2017-06-02 10:18:27,39920621216.21146
2017-06-05 11:08:37,42374960952.71445
2017-06-08 13:16:33,45311057650.357086
2017-06-12 00:28:51,48909469013.5523
2017-06-15 13:19:25,38612999086.734566
2017-06-18 23:57:03,40805023156.465294
2017-06-22 16:19:08,44127430108.40763
2017-06-26 04:11:54,41367082948.44192
2017-06-29 20:45:44,42388611801.31497
2017-07-02 21:32:26,40899505033.16448
2017-07-06 02:50:24,42773495942.34725
2017-07-09 11:21:09,41709413426.20798
2017-07-12 10:08:18,38168965538.790565
2017-07-15 20:33:38,34143283868.124363
2017-07-19 02:09:15,37579903075.14806
2017-07-22 08:25:59,45183398735.992096
2017-07-25 08:17:20,44869661111.39471
2017-07-28 17:11:00,45437860694.33033
2017-08-01 03:14:42,46784368998.170654
2017-08-04 12:48:33,47001382454.43058
2017-08-07 15:43:56,55912594172.72394
2017-08-11 03:06:36,56294749434.7543
2017-08-14 21:18:56,70444745133.22093
2017-08-18 04:42:12,70345392629.55281
2017-08-21 22:53:12,66193253340.70621
2017-08-26 12:39:12,71285863457.37666
2017-08-30 02:25:22,76214947036.05824
2017-09-02 02:48:45,81792234660.90436
2017-09-05 04:58:57,69062297094.85158
2017-09-08 00:43:07,76206758714.18187
2017-09-11 04:52:11,71601628936.89348
2017-09-13 22:41:01,64440676618.31356
2017-09-16 20:47:23,61573788396.6619
2017-09-20 07:28:21,64514387141.02204
2017-09-23 15:08:54,62609191521.56991
2017-09-27 04:48:56,64926879598.70752
2017-09-30 05:56:30,69883674124.73952
2017-10-03 17:13:03,70862612898.07283
2017-10-07 08:16:07,72317517050.92586
2017-10-10 06:58:16,80261319565.35878
2017-10-13 20:25:37,94034543131.1426
2017-10-16 19:43:57,94581351526.62654
2017-10-19 22:12:29,94402510835.74121
2017-10-22 20:25:31,98854334696.18172
2017-10-25 18:49:42,92056781921.24821
2017-10-29 14:55:21,96605459990.4983
2017-11-02 02:22:05,112158752023.64766
2017-11-05 20:23:01,125818820712.32214
2017-11-09 09:45:44,122070759734.18025
2017-11-13 22:40:48,107069235776.1654
2017-11-17 08:40:26,130153403734.86992
2017-11-20 15:20:44,136554954638.8017
2017-11-23 18:29:33,136276697669.19916
2017-11-27 02:50:46,158067870080.44305
2017-11-30 03:13:31,171338878905.81958
2017-12-03 03:34:21,182587282943.74115
2017-12-05 23:02:27,196777616447.37427
2017-12-09 00:44:29,269844471534.11438
2017-12-12 01:03:34,287186799478.7461
2017-12-14 22:50:08,278069970912.0096
2017-12-17 20:16:51,319987271564.89795
2017-12-21 03:26:33,275909136133.8893
2017-12-24 16:00:23,225077676491.3643
2017-12-28 03:37:03,252869136248.03818
2017-12-31 08:21:16,217613048533.3478
2018-01-03 15:29:56,249507170988.2855
2018-01-06 17:45:45,278332859036.20966
2018-01-09 20:47:26,249500165672.7551
2018-01-12 17:49:29,229841577663.01102
2018-01-15 23:41:17,232618587541.70508
2018-01-19 01:04:42,191059847379.6785
2018-01-21 22:32:14,191880224186.9319
2018-01-24 19:52:33,185707095752.3651
2018-01-28 00:49:16,192852974531.066
2018-01-31 09:12:15,168299444880.26913
2018-02-03 16:06:08,154408143520.2769
2018-02-06 12:36:34,109155455963.51884
2018-02-10 04:21:46,148908028010.50632
2018-02-13 10:42:29,143612244993.44263
2018-02-16 17:09:54,169223666971.42322
2018-02-19 22:25:11,187971511266.3917
2018-02-23 04:16:28,163799029422.0504
2018-02-26 13:08:46,162993818295.27136
2018-03-01 19:04:40,182204922976.86688
2018-03-04 21:48:12,191683608056.60806
2018-03-08 04:23:41,164663573089.23172
2018-03-11 16:03:01,155592626130.8007
2018-03-14 20:48:01,140182037968.67853
2018-03-18 07:22:33,129582545959.51326
2018-03-21 18:21:27,152333101868.04782
2018-03-25 07:14:01,144426165619.8503
2018-03-28 18:15:07,133901736396.66241
2018-04-01 05:57:58,117561099771.43755
2018-04-04 12:23:09,121534913057.04823
2018-04-07 17:06:01,117763400474.73888
2018-04-10 22:50:53,115991259765.62428
2018-04-14 01:52:03,134767821759.80902
2018-04-17 12:04:49,137890183049.8421
2018-04-20 14:15:05,144189407392.26572
2018-04-23 21:02:52,151203052852.25354
2018-04-27 12:36:44,158250600596.46927
2018-04-30 23:06:28,157909482824.33508
2018-05-04 08:53:11,164465522456.1356
2018-05-07 20:31:20,159684529409.52444
2018-05-11 07:17:32,152224875477.62253
2018-05-14 20:27:09,149044241308.3326
2018-05-18 04:22:01,136186957749.17352
2018-05-21 14:39:44,144731920416.40552
2018-05-24 20:31:22,128517762024.8838
2018-05-27 21:25:26,124757070336.97844
2018-05-31 02:49:19,125432062236.45758
2018-06-03 05:26:20,130350405247.6555
2018-06-06 03:13:54,130194479733.59297
2018-06-09 15:00:36,130095538822.6555
2018-06-13 07:14:14,112216676268.22841
2018-06-16 16:27:01,109676481577.60341
2018-06-19 20:46:22,114938867925.89052
2018-06-23 00:54:24,103099200187.63129
2018-06-26 05:17:46,106616017556.50964
2018-06-29 18:55:06,100750154779.67651
2018-07-03 09:41:23,113535756001.56172
2018-07-07 00:16:42,112643929352.2798
2018-07-10 09:18:06,113430310701.82214
2018-07-14 00:07:16,106349768278.68932
2018-07-17 18:37:48,117530752986.6486
2018-07-20 19:41:42,127490531688.5409
2018-07-23 23:41:01,132643823155.7284
2018-07-27 00:43:40,136427824942.96797
2018-07-30 06:52:13,140786919964.58255
2018-08-02 16:55:28,129554183385.15547
2018-08-05 17:13:42,119934145085.67632
2018-08-09 04:11:51,108348727757.55132
2018-08-12 04:56:05,108001188043.48882
2018-08-15 14:44:05,109380390181.71503
2018-08-18 20:09:05,109337851487.23882
2018-08-22 06:43:55,115565596101.0409
2018-08-25 17:04:26,115449526314.06172
2018-08-28 18:18:48,121227858130.7284
2018-09-01 03:10:04,121325062760.15547
2018-09-04 15:28:56,126803296635.67632
2018-09-08 03:55:13,110825642198.43672
2018-09-11 13:14:27,108702514298.43672
2018-09-15 00:57:27,112418004187.24464
2018-09-18 15:40:47,109335038309.37422
2018-09-22 03:03:32,116538541698.95757
2018-09-25 08:59:14,111199531636.12769
2018-09-28 19:08:10,114923025969.00964
2018-10-02 00:23:21,113633056676.30132
2018-10-05 15:10:48,113257534515.36382
2018-10-09 12:02:07,114204472040.1034
2018-10-12 23:31:21,107463064167.96797
2018-10-16 15:47:21,111557090557.59344
2018-10-20 07:47:05,110709128549.73882
2018-10-23 17:26:44,110786373143.03609
2018-10-27 11:42:28,111190012557.55132
2018-10-31 00:37:51,108862576736.45757
2018-11-03 07:36:25,110068221664.84297
2018-11-07 00:16:41,111671381161.71797
2018-11-10 23:45:56,110581722744.00964
2018-11-14 17:11:22,105566869932.62561
2018-11-18 12:25:36,95885750278.12419
2018-11-22 16:43:01,77015358892.9239
2018-11-26 20:04:02,64884406026.82209
2018-12-01 04:39:25,68901977582.98073
2018-12-05 07:44:42,66776376329.425804
2018-12-09 10:26:32,59367954508.07209
2018-12-13 10:01:52,58651352709.63459
2018-12-17 03:13:27,55730569967.96793
2018-12-20 14:24:52,70171391363.80127
2018-12-23 20:10:38,68969253367.18669
2018-12-27 01:18:58,66179086244.530426
2018-12-30 06:30:40,65230906033.33251
2019-01-02 09:56:41,66212981860.97763
2019-01-05 15:38:38,66872127052.342926
2019-01-09 03:58:53,69991650085.93669
2019-01-12 09:17:00,63333431792.96793
2019-01-16 02:32:55,62518315173.697105
2019-01-19 22:54:53,64761901560.67627
2019-01-23 07:59:37,62535979574.21793
2019-01-26 21:01:04,62209758194.27002
2019-01-30 08:30:26,59774986960.09884
2019-02-02 18:27:31,60026369446.61377
2019-02-06 06:18:13,59111806985.93668
2019-02-09 07:28:19,63281481501.30127
2019-02-12 21:58:48,63084536091.40543
2019-02-16 14:44:17,62991132132.03043
2019-02-19 19:14:48,68994616370.83252
2019-02-23 10:26:13,68889346157.03044
2019-02-26 22:25:46,66690328807.811676
2019-03-02 07:05:43,66841339333.85334
2019-03-05 21:12:28,67474637318.22834
2019-03-09 14:45:38,68518743222.655426
2019-03-13 03:40:47,67850243331.249176
2019-03-16 13:44:51,70341652728.3846
2019-03-19 18:07:49,70042631812.23875
2019-03-22 23:50:01,70108665058.3325
2019-03-26 11:10:36,68698313244.27001
2019-03-29 23:28:27,71894890332.03043
2019-04-02 13:36:49,84360556820.86882
2019-04-06 00:15:47,88541601465.88829
2019-04-09 13:42:45,91766915877.22469
2019-04-12 23:28:27,89194492850.25966
2019-04-16 17:51:13,89167882013.68971
2019-04-20 04:57:51,93552135411.71797
2019-04-23 22:31:22,98582853964.6195
2019-04-27 06:21:34,90703572409.63464
2019-04-30 15:28:21,92469539324.20976
2019-05-03 15:44:04,101335597026.56172
2019-05-07 08:55:34,103972626480.98882
2019-05-10 23:56:08,112184592656.77007
2019-05-14 08:25:44,142960969907.59705
2019-05-17 17:46:34,126150785792.56313
2019-05-20 22:52:28,139849713719.27005
2019-05-24 03:30:42,139449542614.7604
2019-05-27 10:03:33,155438933964.0617
2019-05-30 10:50:33,154708862807.03046
2019-06-03 02:46:01,154442126114.0972
2019-06-06 14:35:21,137441724131.377
2019-06-10 02:08:49,135008988918.63948
2019-06-13 15:06:16,144629344616.6659
2019-06-17 00:28:53,160236041476.3013
2019-06-20 05:38:00,165468775584.1138
2019-06-23 15:36:11,190118999328.90543
2019-06-26 19:09:36,238047436618.74924
2019-06-29 22:35:02,213387261704.1659
2019-07-03 06:25:17,201810819410.72488
2019-07-06 04:33:15,201365721633.59302
2019-07-09 03:04:50,220225518018.15414
2019-07-12 17:03:08,207313325159.8951
2019-07-16 05:00:12,193303964209.34518
2019-07-19 23:23:09,187328261388.9253
2019-07-23 05:41:22,182959742762.33887
2019-07-26 15:20:28,174448372719.26675
2019-07-29 15:50:53,169867120707.03067
2019-08-01 23:21:23,184092847572.83228
2019-08-04 23:33:54,195823433886.26855
2019-08-08 09:17:36,212607275560.41614
2019-08-11 18:11:22,203526725582.29114
2019-08-15 04:19:27,178736768122.15533
2019-08-18 19:58:06,186237176667.70786
2019-08-22 06:02:27,176953047788.54117
2019-08-25 14:50:59,182401230637.95105
2019-08-29 02:35:47,173596387119.27042
2019-09-01 05:33:48,172344650805.20792
2019-09-04 16:24:29,187190744017.70792
2019-09-07 22:15:48,188364294340.10385
2019-09-10 20:53:32,181501730289.58298
2019-09-14 00:05:49,183875671864.58292
2019-09-17 06:14:12,183532253859.11417
2019-09-20 11:59:16,182349131944.93018
2019-09-23 21:32:46,175837660479.82285
2019-09-27 02:19:33,144613437261.45792
2019-09-30 19:03:37,147270385420.83292
2019-10-04 06:52:10,145563293748.95792
2019-10-07 13:26:41,144597065482.8121
2019-10-10 21:07:15,154021561216.6663
2019-10-14 10:10:11,149460527517.96835
2019-10-17 21:57:32,144935887556.2496
2019-10-21 08:58:58,148250171804.94754
2019-10-24 10:00:39,133707946304.16628
2019-10-28 07:28:08,173642637924.73917
2019-11-01 02:53:56,164948456957.01505
2019-11-04 21:52:04,168621208276.54996
2019-11-08 14:20:10,161721663754.9475
2019-11-11 23:18:49,157495656288.54126
2019-11-15 08:27:11,154511709606.77042
2019-11-18 17:01:20,152155073095.57254
2019-11-22 11:49:59,132404690451.30168
2019-11-26 00:21:55,129867840192.51793
2019-11-29 15:14:36,137420654085.93709
2019-12-03 08:20:17,132182810249.99959
2019-12-06 15:27:23,133134128789.58293
2019-12-09 23:23:55,133554692057.29126
2019-12-13 13:22:11,130432537269.53084
2019-12-17 01:35:37,124507947032.81209
2019-12-20 13:51:24,129445189732.55168
2019-12-23 14:25:32,136715361477.08293
2019-12-27 06:44:26,130511853324.47876
2019-12-30 13:39:17,132345638164.32251
2020-01-02 19:09:53,127427611881.24962
2020-01-05 22:29:02,134794724237.76003
2020-01-09 05:42:24,144676951562.6315
2020-01-12 11:22:21,147516121391.14545
2020-01-15 22:51:07,159572158114.32254
2020-01-19 08:36:09,165205433051.56213
2020-01-23 07:57:26,155150005632.03088
2020-01-26 15:15:45,153419744273.17673
2020-01-30 01:57:12,168873560009.63504
2020-02-02 12:45:29,170961567745.57254
2020-02-05 23:42:57,176484575289.06213
2020-02-09 15:46:22,184464956886.85294
2020-02-13 07:10:08,190327392736.63086
2020-02-16 21:31:32,178421281269.01
2020-02-20 09:11:14,174649983953.00833
2020-02-23 20:45:07,180681758899.9996
2020-02-27 10:20:37,160462586302.86417
2020-03-01 16:37:12,156661149928.20923
2020-03-04 22:04:47,159306513469.00858
2020-03-08 03:24:56,161316732851.0493
2020-03-11 15:53:12,143120423832.36197
2020-03-15 13:53:06,98430988681.97089
2020-03-20 02:20:52,113946595963.2809
2020-03-24 08:57:21,119602328292.9684
2020-03-28 01:13:14,118672844210.93715
2020-03-31 12:24:56,117663508373.43715
2020-04-03 23:18:14,123512491292.708
2020-04-07 05:43:54,133592624698.43715
2020-04-10 11:39:29,126710029928.12465
2020-04-13 16:07:34,122864083016.9424
2020-04-16 16:35:46,128776260015.62465
2020-04-20 03:33:54,131263056563.0205
2020-04-23 14:57:43,132975666836.45796
2020-04-27 07:21:01,141643800855.7288
2020-04-30 21:22:48,159850541999.76633
2020-05-04 03:55:52,160448589434.66525
2020-05-07 12:55:25,170827886998.43713
2020-05-10 21:52:48,157795698649.47885
2020-05-14 17:47:57,177700428413.63327
2020-05-18 19:49:55,177313563955.33823
2020-05-23 04:22:29,169825712527.86426
2020-05-27 08:44:33,162729877071.73135
2020-05-30 22:59:48,175017767726.9528
2020-06-03 16:05:12,176405496405.33823
2020-06-06 15:09:05,177837123892.18716
2020-06-09 18:18:49,178721854583.333
2020-06-12 18:36:57,173015142614.8434
2020-06-15 23:30:19,173630142197.1351
2020-06-19 15:40:18,172616539834.6351
2020-06-23 05:03:20,177599919058.2028
2020-06-26 16:00:36,168268974398.1768
2020-06-30 00:17:43,169201140679.29657
2020-07-03 07:11:24,167609183376.04135
2020-07-06 11:55:46,169452762288.28094
2020-07-09 15:18:06,172915360935.35648
2020-07-12 21:17:56,169839082882.5518
2020-07-16 09:33:21,168607783380.59866
2020-07-20 06:58:13,169421509024.08823
2020-07-24 01:29:03,177072601894.27054
2020-07-27 09:36:02,188949054486.87485
2020-07-30 21:03:28,204236081411.7184
2020-08-03 09:49:37,206962805713.80176
2020-08-06 19:37:14,218731361125.3903
2020-08-10 05:04:22,220439920573.17676
2020-08-13 14:00:33,211742038830.208
2020-08-16 18:42:37,218784659281.11948
2020-08-20 11:59:31,217259848215.49448
2020-08-23 21:51:32,215749508265.36426
2020-08-27 14:57:55,209581098565.10385
2020-08-31 03:32:36,216051678910.92447
2020-09-03 13:59:31,205473701272.78616
2020-09-07 05:26:37,189084219378.02625
2020-09-10 09:47:22,190799047430.85913
2020-09-13 13:09:23,192856575744.01016
2020-09-16 16:06:02,202041546447.26538
2020-09-19 17:51:24,204817046988.1508
2020-09-23 11:12:54,193184324192.18726
2020-09-26 19:36:02,198541183679.94766
2020-09-30 08:11:39,198382121918.74976
2020-10-03 22:46:03,195718244589.32266
2020-10-07 11:12:02,196025232225.5206
2020-10-10 21:14:47,210341847014.7133
2020-10-14 04:25:04,211950210057.81226
2020-10-17 12:01:00,210121464969.4008
2020-10-21 08:09:30,226967308097.656
2020-10-25 00:48:26,242607928890.1039
2020-10-29 19:24:17,249265353217.44763
2020-11-03 07:15:14,248537253731.1195
2020-11-06 15:42:14,287770918459.487
2020-11-09 22:56:55,285179129960.93726
2020-11-13 07:39:58,303067404133.2029
2020-11-16 17:50:09,306377058986.7185
2020-11-20 00:34:58,332125305280.81
2020-11-22 23:07:45,345666478677.4737
2020-11-26 12:05:59,323485752944.27057
2020-11-29 17:46:35,335600227530.3382
2020-12-03 11:42:13,359115315936.458
2020-12-07 00:00:04,356953070082.4216
2020-12-10 15:44:35,336375773627.5741
2020-12-14 04:25:34,356106800131.37994
2020-12-17 20:05:01,433725596554.1663
2020-12-21 03:08:36,438698488178.8291
2020-12-24 14:59:00,431193317396.20966
2020-12-28 05:45:25,502665633882.8122
2020-12-31 09:35:28,539539153833.59344
2021-01-03 16:47:00,626957227414.1273
2021-01-06 17:18:38,644827722584.2443
2021-01-10 00:21:28,755334453736.7457
2021-01-13 07:54:41,626426626902.3542
2021-01-16 16:37:14,694130739656.6807
2021-01-20 06:54:15,662559030307.8121
2021-01-23 21:29:51,600016852650.0125
2021-01-27 09:23:40,588338111272.1696
2021-01-30 20:43:58,636125474285.9965
2021-02-03 08:58:25,680575232646.1207
2021-02-06 14:54:12,750833022930.6693
2021-02-09 21:16:49,872249418682.6582
2021-02-13 12:47:28,875174102762.986
2021-02-17 02:23:39,912376500947.5851
2021-02-20 13:48:31,1050817465333.2032
2021-02-24 07:42:36,937951816601.4326
2021-02-27 13:39:17,879039301867.6714
2021-03-03 05:00:15,909888609358.1904
2021-03-06 18:44:13,889855230284.9286
2021-03-10 05:44:30,1000038580861.5889
2021-03-13 19:55:39,1118968804665.8857
2021-03-17 02:46:58,1052737018416.5367
2021-03-20 14:10:08,1102625731200.0002
2021-03-23 20:25:26,1034645292941.2764
2021-03-27 06:04:19,1023748066585.2867
2021-03-30 13:02:54,1098907273684.8961
2021-04-02 23:32:12,1098346171937.1097
2021-04-06 12:42:09,1094345112020.1826
2021-04-09 22:34:33,1091040341389.3232
2021-04-13 07:31:30,1132929947471.094
2021-04-17 01:37:36,1153856326444.231
2021-04-21 17:39:15,1045315961157.4567
2021-04-25 10:31:21,928392312222.379
2021-04-29 03:26:14,1022728701605.4691
2021-05-02 16:47:38,1062207755134.3754
2021-05-05 13:37:15,1035552047140.3983
2021-05-08 13:09:40,1099005717917.8387
2021-05-11 09:10:45,1037729567078.8394
2021-05-14 14:00:50,942041420131.1201
2021-05-18 14:34:32,838740782935.9379
2021-05-23 01:08:44,708169555372.3961
2021-05-27 03:10:05,719869199873.6984
2021-05-31 05:23:21,648468049477.9951
2021-06-03 15:12:37,725100783923.5164
2021-06-07 07:20:30,681145492767.4481
2021-06-11 03:59:31,684498346995.0825
2021-06-15 05:05:57,755215410296.1371
2021-06-19 04:41:58,664456979436.9799
2021-06-24 05:36:02,620285719368.4902
2021-06-29 20:11:44,679462268652.3336
2021-07-04 18:35:35,664395982435.114
2021-07-08 14:55:27,611051925503.9445
2021-07-12 05:47:38,643826749618.2084
2021-07-15 20:44:07,590091703978.8248
2021-07-19 08:05:46,594733128847.4971
2021-07-22 18:02:01,606872593760.5477
2021-07-26 03:41:11,712133175717.3185
2021-07-29 10:16:24,751775368466.7974
2021-08-01 11:00:36,784304267347.6569
2021-08-04 21:50:53,744976756686.8496
2021-08-08 00:05:05,829289109777.959
2021-08-11 04:57:52,856486802330.1324
2021-08-14 14:27:53,871998131784.7008
2021-08-17 14:22:15,876774566205.6699
2021-08-20 21:22:18,914232772457.8354
2021-08-23 19:39:11,929692950747.1357
2021-08-27 00:34:24,885947648673.0524
2021-08-30 11:34:35,901813569951.9532
2021-09-03 01:50:49,927619820696.6857
2021-09-06 06:19:16,973373910007.6188
2021-09-09 15:19:29,872868844402.8075
2021-09-13 02:58:23,856496799566.5868
2021-09-16 10:56:04,905201501803.1246
2021-09-19 17:51:11,895083250932.2924
2021-09-23 09:06:32,828046865113.1095
2021-09-26 18:52:00,814450792469.1675
2021-09-30 05:27:18,812611233168.1631
2021-10-03 05:30:26,899299859664.3483
2021-10-06 11:42:39,961099956766.6665
2021-10-10 06:22:09,1041156553278.8608
2021-10-13 15:56:42,1047838233165.7399
2021-10-17 06:42:04,1150956200129.7627
2021-10-20 11:13:35,1206477938285.1577
2021-10-23 20:23:47,1154904507888.934
2021-10-27 01:03:09,1153019577324.5642
2021-10-30 04:23:33,1168620591645.966
2021-11-02 14:06:20,1193646259954.8516
2021-11-05 21:38:38,1152502547250.3945
2021-11-09 08:58:20,1285647885080.5686
2021-11-12 15:17:30,1203839047327.202
2021-11-15 22:55:42,1205459424839.203
2021-11-19 09:09:55,1063419888669.9332
2021-11-23 02:16:19,1066294650518.2988
2021-11-26 17:51:46,1027870775941.216
2021-11-30 07:21:52,1076674084490.5492
2021-12-03 17:35:27,1053999605268.2318
2021-12-06 20:12:08,927879371747.1381
2021-12-09 22:47:34,902530311141.141
2021-12-13 07:33:05,925453425256.6339
2021-12-17 01:12:27,916327040851.065
2021-12-20 15:23:39,882702712848.0024
2021-12-23 22:28:03,919516661385.4712
2021-12-27 10:22:22,960762181323.2212
2021-12-31 03:32:54,890967372271.9972
2022-01-03 07:40:38,895374527088.9087
2022-01-06 20:22:10,821886313627.0337
2022-01-10 08:02:40,792278639813.1274
2022-01-13 16:19:14,831432014343.7524
2022-01-16 16:29:49,816814375239.8462
2022-01-19 20:44:10,795925334641.2617
2022-01-23 08:25:21,669455164508.717
2022-01-26 22:22:18,708152729956.7556
2022-01-30 09:27:18,722623008208.3246
2022-02-02 19:26:34,708835296312.2869
2022-02-06 10:51:35,789297827157.0348
2022-02-09 23:35:40,845527168347.5148
2022-02-13 04:28:26,802703303275.8141
2022-02-16 06:50:26,834243181389.9917
2022-02-19 17:19:38,759296136397.1226
2022-02-23 06:38:03,719607147408.8582
2022-02-27 03:34:09,739955349038.2886
2022-03-02 11:04:18,834715902950.7692
2022-03-06 05:49:03,748968444073.1823
2022-03-09 19:57:32,801129381833.7972
2022-03-13 04:47:23,742552684288.8192
2022-03-16 15:25:50,770863013214.3558
2022-03-19 22:55:16,799614712230.5907
2022-03-23 06:58:43,800386189026.6705
2022-03-26 14:31:19,842633924446.564
2022-03-30 01:01:44,898848644764.4346
2022-04-02 17:49:26,882192924273.4684
2022-04-06 04:41:46,858802167873.183
2022-04-09 18:10:44,806215294392.3951
2022-04-13 06:06:43,760299989759.9213
2022-04-16 18:46:53,763807577410.163
2022-04-20 07:55:12,787770725149.0294
2022-04-23 12:10:12,753772585866.6947
2022-04-26 16:35:57,751326932291.6816
2022-04-30 02:26:24,735645959397.6432
2022-05-03 07:58:04,732764791765.8429
2022-05-06 18:59:52,684675332323.2313
2022-05-10 02:06:23,585900778913.9044
2022-05-13 12:20:55,581240663508.8978
2022-05-17 02:04:50,571464540446.2241
2022-05-20 23:23:49,555583953187.024
2022-05-24 15:36:49,555578842297.5427
2022-05-28 06:43:05,549711069248.21686
2022-05-31 16:20:33,602107459578.0887
2022-06-04 10:24:15,566761487279.9386
2022-06-07 18:22:20,569870131519.5785
2022-06-11 00:16:19,555366817159.4904
2022-06-14 14:56:06,423530144728.6496
2022-06-18 11:31:33,367067045853.9248
2022-06-21 22:44:54,399795146774.0943
2022-06-25 13:55:57,406216802954.9756
2022-06-29 03:42:03,387965817947.5266
2022-07-02 13:35:51,366639815622.43427
2022-07-06 04:04:34,382392749789.90643
2022-07-09 19:07:43,414922630035.7944
2022-07-13 09:22:42,374337682644.6468
2022-07-17 05:41:46,406143991857.81525
2022-07-21 02:16:29,444158029518.2282
2022-07-24 15:48:58,432553533278.47394
2022-07-27 19:08:05,416002859584.74774
2022-07-31 11:39:09,453167543566.7952
2022-08-03 21:15:20,448032470173.4162
2022-08-07 06:25:53,439264826566.05817
2022-08-10 16:39:54,458861206108.26
2022-08-14 08:16:20,471210084889.812
2022-08-17 21:11:43,447597375711.0276
2022-08-21 02:42:33,405391666012.4221
2022-08-24 10:23:25,408696835046.84235
2022-08-27 15:40:30,385855434730.04193
2022-08-30 20:04:18,378732792138.3322
2022-09-03 13:25:56,379586520674.2129
2022-09-06 16:57:25,379533171884.5766
2022-09-10 05:28:06,408907947444.8725
2022-09-13 09:37:00,427329350881.7473
2022-09-17 03:22:02,381605465752.9016
2022-09-20 11:18:23,369845648435.9738
2022-09-24 04:16:44,366692707211.12787
2022-09-27 18:19:35,378025759441.18365
2022-10-01 02:07:48,371764953454.1912
2022-10-04 02:36:29,375409142660.81976
2022-10-07 03:09:35,383520076063.14374
2022-10-10 06:00:54,373196830071.56134
2022-10-13 15:46:11,355586297931.7749
2022-10-16 23:10:37,368884825042.7124
2022-10-20 10:03:04,367256666219.53534
2022-10-23 18:09:55,369076019068.7541
2022-10-27 09:05:23,398329622877.86865
2022-10-30 22:54:10,396564530809.8999
2022-11-03 07:59:09,390871598086.4624
2022-11-06 20:36:58,407956059112.76447
2022-11-10 05:20:55,313888071594.2749
2022-11-13 16:35:53,319443992876.30615
2022-11-17 07:34:00,317774937411.72284
2022-11-20 20:59:17,318162674011.9832
2022-11-24 16:43:54,318075136885.9416
2022-11-28 16:42:08,310916331688.5457
2022-12-02 06:32:30,325379567244.2749
2022-12-06 00:53:53,326315760235.16034
2022-12-09 06:18:46,331372065353.91034
2022-12-12 15:58:26,327068285134.63947
2022-12-16 00:06:49,334273328388.0249
2022-12-19 16:48:42,321874270947.3999
2022-12-23 07:24:54,324316301069.53534
2022-12-27 13:10:18,324542910325.0041
2022-12-30 22:48:49,319262966938.0249
2023-01-03 06:05:43,321706417085.9416
2023-01-06 12:53:32,323027335571.61865
2023-01-09 16:37:26,332618253043.49365
2023-01-12 23:07:21,364181787416.1499
2023-01-16 00:18:41,402557116216.6707
2023-01-19 10:09:09,401036123438.80615
2023-01-23 00:40:10,435891787817.1916
2023-01-26 07:13:27,445692242989.32697
2023-01-29 12:21:15,449615624204.1707
2023-02-02 04:48:43,462144388614.0666
2023-02-05 17:36:56,446249600632.03534
2023-02-09 07:25:50,435754337337.24365
2023-02-12 14:28:25,421515875614.32697
2023-02-15 20:25:11,445389561031.2541
