Timestamp,mempool-size
2016-06-15 14:45:00,23462260.484375
2016-06-17 12:00:00,25730122.28125
2016-06-19 09:15:00,12510631.255208334
2016-06-21 06:30:00,5895115.520833333
2016-06-23 03:45:00,9876828.963541666
2016-06-25 01:00:00,15026356.489583334
2016-06-26 22:15:00,1613059.6145833333
2016-06-28 19:30:00,2263168.4479166665
2016-06-30 16:45:00,3675962.4322916665
2016-07-02 14:00:00,3568118.0729166665
2016-07-04 11:15:00,2782630.1510416665
2016-07-06 08:30:00,3366287.2916666665
2016-07-08 05:45:00,2446539.3385416665
2016-07-10 03:00:00,2499293.921875
2016-07-12 00:15:00,2298773.03125
2016-07-13 21:30:00,5230330.3125
2016-07-15 18:45:00,3929468.6354166665
2016-07-17 16:00:00,2292664.3333333335
2016-07-19 13:15:00,4012309.65625
2016-07-21 10:30:00,4851267.130208333
2016-07-23 07:45:00,5763772.458333333
2016-07-25 05:00:00,2819548.4791666665
2016-07-27 02:15:00,5572614.927083333
2016-07-28 23:30:00,5366202.734375
2016-07-30 20:45:00,8852391.848958334
2016-08-01 18:00:00,3344923.84375
2016-08-03 15:15:00,4515413.041666667
2016-08-05 12:30:00,6309243.916666667
2016-08-07 09:45:00,2311479.6041666665
2016-08-09 07:00:00,5599126.026041667
2016-08-11 04:15:00,5050509.25
2016-08-13 01:30:00,3022502.234375
2016-08-14 22:45:00,1696123.7864583333
2016-08-16 20:00:00,7134237.598958333
2016-08-18 17:15:00,3454128.3125
2016-08-20 14:30:00,3482166.2291666665
2016-08-22 11:45:00,2597781.53125
2016-08-24 09:00:00,3676435.921875
2016-08-26 06:15:00,6680782.8125
2016-08-28 03:30:00,2970586.609375
2016-08-30 00:45:00,3301063.9010416665
2016-08-31 22:00:00,3551205.3177083335
2016-09-02 19:15:00,2556319.40625
2016-09-04 16:30:00,2375875.6510416665
2016-09-06 13:45:00,5228756.838541667
2016-09-08 11:00:00,2918976.0104166665
2016-09-10 08:15:00,2798478.2291666665
2016-09-12 05:30:00,1991034.0625
2016-09-14 02:45:00,3344091.15625
2016-09-16 00:00:00,3610434.5625
2016-09-17 21:15:00,6526592.302083333
2016-09-19 18:30:00,3188216.5208333335
2016-09-21 15:45:00,3062459.484375
2016-09-23 13:00:00,2832399.6770833335
2016-09-25 10:15:00,1573878.4583333333
2016-09-27 07:30:00,2982879.9114583335
2016-09-29 04:45:00,3028546.921875
2016-10-01 02:00:00,3122024.9479166665
2016-10-02 23:15:00,3040980.78125
2016-10-04 20:30:00,4871994.067708333
2016-10-06 17:45:00,3171869.890625
2016-10-08 15:00:00,2803021.8229166665
2016-10-10 12:15:00,2124865.1927083335
2016-10-12 09:30:00,7533905.234375
2016-10-14 06:45:00,5921315.322916667
2016-10-16 04:00:00,3922911.828125
2016-10-18 01:15:00,6535676.645833333
2016-10-19 22:30:00,4497549.489583333
2016-10-21 19:45:00,3478888.5
2016-10-23 17:00:00,2490766.5208333335
2016-10-25 14:15:00,7054921.369791667
2016-10-27 11:30:00,26614649.604166668
2016-10-29 08:45:00,2987786.3645833335
2016-10-31 06:00:00,2438318.4479166665
2016-11-02 03:15:00,4116232.4427083335
2016-11-04 00:30:00,3357556.0416666665
2016-11-05 21:45:00,3971455.2135416665
2016-11-07 19:00:00,4461809.0
2016-11-09 16:15:00,4933111.239583333
2016-11-11 13:30:00,2498101.2864583335
2016-11-13 10:45:00,3072664.6458333335
2016-11-15 08:00:00,3518853.734375
2016-11-17 05:15:00,3130674.6302083335
2016-11-19 02:30:00,4931122.765625
2016-11-20 23:45:00,5011338.0625
2016-11-22 21:00:00,25836338.859375
2016-11-24 18:15:00,42722237.942708336
2016-11-26 15:30:00,22149933.536458332
2016-11-28 12:45:00,5387812.473958333
2016-11-30 10:00:00,4914002.151041667
2016-12-02 07:15:00,16129710.59375
2016-12-04 04:30:00,6463438.151041667
2016-12-06 01:45:00,7365982.75
2016-12-07 23:00:00,7625691.723958333
2016-12-09 20:15:00,6282611.276041667
2016-12-11 17:30:00,4240321.395833333
2016-12-13 14:45:00,5750723.046875
2016-12-15 12:00:00,8777829.057291666
2016-12-17 09:15:00,12066404.03125
2016-12-19 06:30:00,9142899.833333334
2016-12-21 03:45:00,13368712.427083334
2016-12-23 01:00:00,7983596.921875
2016-12-24 22:15:00,11074725.880208334
2016-12-26 19:30:00,3859854.1145833335
2016-12-28 16:45:00,3610042.1510416665
2016-12-30 14:00:00,5020985.578125
2017-01-01 11:15:00,3106289.8229166665
2017-01-03 08:30:00,6638306.807291667
2017-01-05 05:45:00,8827352.375
2017-01-07 03:00:00,23072929
2017-01-09 00:15:00,11034126.494791666
2017-01-10 21:30:00,15740424.802083334
2017-01-12 18:45:00,10239590.28125
2017-01-14 16:00:00,4873209.963541667
2017-01-16 13:15:00,2343366.703125
2017-01-18 10:30:00,5794784.682291667
2017-01-20 07:45:00,2831909.0520833335
2017-01-22 05:00:00,2037581.2864583333
2017-01-24 02:15:00,11282408.744791666
2017-01-25 23:30:00,29840987.166666668
2017-01-27 20:45:00,4103560.6927083335
2017-01-29 18:00:00,7957168.140625
2017-01-31 15:15:00,25987682.34375
2017-02-02 12:30:00,12915387.583333334
2017-02-04 09:45:00,31098348.536458332
2017-02-06 07:00:00,20616236.53125
2017-02-08 04:15:00,42943496.46875
2017-02-10 01:30:00,31839561.557291668
2017-02-11 22:45:00,18265142.114583332
2017-02-13 20:00:00,7332358.682291667
2017-02-15 17:15:00,12460615.609375
2017-02-17 14:30:00,21650120.59375
2017-02-19 11:45:00,15637055.036458334
2017-02-21 09:00:00,22881413.921875
2017-02-23 06:15:00,55758133.78125
2017-02-25 03:30:00,55177634.145833336
2017-02-27 00:45:00,17567484.03125
2017-02-28 22:00:00,34710905.78125
2017-03-02 19:15:00,51147265.583333336
2017-03-04 16:30:00,58719144.697916664
2017-03-06 13:45:00,51470705.083333336
2017-03-08 11:00:00,58647607.692708336
2017-03-10 08:15:00,49528888.5
2017-03-12 05:30:00,53177972.802083336
2017-03-14 02:45:00,24238233.0625
2017-03-16 00:00:00,28359428.84375
2017-03-17 21:15:00,26967224.145833332
2017-03-19 18:30:00,9662286.09375
2017-03-21 15:45:00,8836907.822916666
2017-03-23 13:00:00,7248694.34375
2017-03-25 10:15:00,2542467.9270833335
2017-03-27 07:30:00,1626210.546875
2017-03-29 04:45:00,11457120.958333334
2017-03-31 02:00:00,5398616.15625
2017-04-01 23:15:00,11146748.364583334
2017-04-03 20:30:00,3958445.0364583335
2017-04-05 17:45:00,17887585.046875
2017-04-07 15:00:00,13596051.078125
2017-04-09 12:15:00,13362279.947916666
2017-04-11 09:30:00,8378648.359375
2017-04-13 06:45:00,17256485.036458332
2017-04-15 04:00:00,37448470.109375
2017-04-17 01:15:00,5108311.989583333
2017-04-18 22:30:00,14245841.619791666
2017-04-20 19:45:00,22206437.0625
2017-04-22 17:00:00,22735833.557291668
2017-04-24 14:15:00,9706491.291666666
2017-04-26 11:30:00,31373719.463541668
2017-04-28 08:45:00,35554474.036458336
2017-04-30 06:00:00,25038263.677083332
2017-05-02 03:15:00,16051185.390625
2017-05-04 00:30:00,42013024.067708336
2017-05-05 21:45:00,75657384.41666667
2017-05-07 19:00:00,59642983.854166664
2017-05-09 16:15:00,55449737.296875
2017-05-11 13:30:00,101470940.11458333
2017-05-13 10:45:00,104055673.11979167
2017-05-15 08:00:00,86708401.15625
2017-05-17 05:15:00,106130435.94791667
2017-05-19 02:30:00,97044684.171875
2017-05-20 23:45:00,95971909.97395833
2017-05-22 21:00:00,108628394.234375
2017-05-24 18:15:00,108050605.52604167
2017-05-26 15:30:00,108757772.609375
2017-05-28 12:45:00,100194258.32291667
2017-05-30 10:00:00,93809516.61458333
2017-06-01 07:15:00,99318979.16145833
2017-06-03 04:30:00,100905469.91666667
2017-06-05 01:45:00,82091041.82291667
2017-06-06 23:00:00,68400413.92708333
2017-06-08 20:15:00,60966783.463541664
2017-06-10 17:30:00,52729815.072916664
2017-06-12 14:45:00,42868427.161458336
2017-06-14 12:00:00,58374412.536458336
2017-06-16 09:15:00,52824486.776041664
2017-06-18 06:30:00,34497734.5625
2017-06-20 03:45:00,13393300.317708334
2017-06-22 01:00:00,27545611.348958332
2017-06-23 22:15:00,17059670.364583332
2017-06-25 19:30:00,13605400.036458334
2017-06-27 16:45:00,18241303.713541668
2017-06-29 14:00:00,15516105.510416666
2017-07-01 11:15:00,13334018.223958334
2017-07-03 08:30:00,4885317.947916667
2017-07-05 05:45:00,11355444.036458334
2017-07-07 03:00:00,21644003.15625
2017-07-09 00:15:00,8249622.244791667
2017-07-10 21:30:00,6456713.244791667
2017-07-12 18:45:00,12741942.927083334
2017-07-14 16:00:00,28793422.979166668
2017-07-16 13:15:00,30950618.53125
2017-07-18 10:30:00,32323451.604166668
2017-07-20 07:45:00,31418255.84375
2017-07-22 05:00:00,33313613.307291668
2017-07-24 02:15:00,7994034.385416667
2017-07-25 23:30:00,17613637.78125
2017-07-27 20:45:00,8550564.572916666
2017-07-29 18:00:00,4848383.3125
2017-07-31 15:15:00,3787737.8802083335
2017-08-02 12:30:00,6148169.479166667
2017-08-04 09:45:00,19762194.364583332
2017-08-06 07:00:00,4097906.4791666665
2017-08-08 04:15:00,34136550.270833336
2017-08-10 01:30:00,41725951.489583336
2017-08-11 22:45:00,51916680.473958336
2017-08-13 20:00:00,22070411.9375
2017-08-15 17:15:00,46184343.322916664
2017-08-17 14:30:00,56385003.390625
2017-08-19 11:45:00,49407581.125
2017-08-21 09:00:00,41139448.880208336
2017-08-23 06:15:00,89831791.375
2017-08-25 03:30:00,79433740.34375
2017-08-27 00:45:00,98607493.90625
2017-08-28 22:00:00,64978214.005208336
2017-08-30 19:15:00,20478020.885416668
2017-09-01 16:30:00,28091630.916666668
2017-09-03 13:45:00,7835274.411458333
2017-09-05 11:00:00,8730447.140625
2017-09-07 08:15:00,6914597.53125
2017-09-09 05:30:00,6855315.567708333
2017-09-11 02:45:00,6628248.442708333
2017-09-13 00:00:00,4998511.848958333
2017-09-14 21:15:00,10035046.994791666
2017-09-16 18:30:00,5837723.421875
2017-09-18 15:45:00,10914594.973958334
2017-09-20 13:00:00,12108075.140625
2017-09-22 10:15:00,5588894.223958333
2017-09-24 07:30:00,4819427.96875
2017-09-26 04:45:00,11941316.979166666
2017-09-28 02:00:00,7489485.291666667
2017-09-29 23:15:00,6014434.989583333
2017-10-01 20:30:00,9967990.171875
2017-10-03 17:45:00,11149109.130208334
2017-10-05 15:00:00,13404603.40625
2017-10-07 12:15:00,5838479.265625
2017-10-09 09:30:00,6455246.640625
2017-10-11 06:45:00,11236076.848958334
2017-10-13 04:00:00,14306879.28125
2017-10-15 01:15:00,29849086.369791668
2017-10-16 22:30:00,12416050.645833334
2017-10-18 19:45:00,13489796.348958334
2017-10-20 17:00:00,25477948.739583332
2017-10-22 14:15:00,37074745.895833336
2017-10-24 11:30:00,41952521.692708336
2017-10-26 08:45:00,4646827.822916667
2017-10-28 06:00:00,31177831.75
2017-10-30 03:15:00,23805985.651041668
2017-11-01 00:30:00,24514686.822916668
2017-11-02 21:45:00,46053634.171875
2017-11-04 19:00:00,66747857.53125
2017-11-06 16:15:00,41286695.276041664
2017-11-08 13:30:00,43862178.677083336
2017-11-10 10:45:00,65068304.28125
2017-11-12 08:00:00,109322888.34375
2017-11-14 05:15:00,103335100.86979167
2017-11-16 02:30:00,103349662.80208333
2017-11-17 23:45:00,91790176.72916667
2017-11-19 21:00:00,68962440.3125
2017-11-21 18:15:00,67038502.390625
2017-11-23 15:30:00,71721946.953125
2017-11-25 12:45:00,68377047.96354167
2017-11-27 10:00:00,62347474.859375
2017-11-29 07:15:00,83502159.296875
2017-12-01 04:30:00,103135346.47916667
2017-12-03 01:45:00,87214719.625
2017-12-04 23:00:00,80834841.953125
2017-12-06 20:15:00,96063079.13541667
2017-12-08 17:30:00,87124502.21875
2017-12-10 14:45:00,70089064.05208333
2017-12-12 12:00:00,122860662.703125
2017-12-14 09:15:00,114692275.1875
2017-12-16 06:30:00,105999717.9375
2017-12-18 03:45:00,114707031.58854167
2017-12-20 01:00:00,106827477.55729167
2017-12-21 22:15:00,106698416.17708333
2017-12-23 19:30:00,113627385.375
2017-12-25 16:45:00,118817552.22916667
2017-12-27 14:00:00,114856453.078125
2017-12-29 11:15:00,111974756.33854167
2017-12-31 08:30:00,106124978.984375
2018-01-02 05:45:00,117361065
2018-01-04 03:00:00,115201875.67708333
2018-01-06 00:15:00,109521634.984375
2018-01-07 21:30:00,106938885.75520833
2018-01-09 18:45:00,129728184.3125
2018-01-11 16:00:00,135841093.109375
2018-01-13 13:15:00,131217458.07291667
2018-01-15 10:30:00,122111667.640625
2018-01-17 07:45:00,86398280.796875
2018-01-19 05:00:00,113438854.47916667
2018-01-21 02:15:00,101762354.22395833
2018-01-22 23:30:00,127386083.84375
2018-01-24 20:45:00,121730666.18229167
2018-01-26 18:00:00,104981320.046875
2018-01-28 15:15:00,84261326.94270833
2018-01-30 12:30:00,49604137.0625
2018-02-01 09:45:00,52342242.744791664
2018-02-03 07:00:00,58361658.703125
2018-02-05 04:15:00,33568323.510416664
2018-02-07 01:30:00,25917849.447916668
2018-02-08 22:45:00,21140266.109375
2018-02-10 20:00:00,34066085.953125
2018-02-12 17:15:00,25383414.177083332
2018-02-14 14:30:00,29187463.21875
2018-02-16 11:45:00,7806649.645833333
2018-02-18 09:00:00,37767722.265625
2018-02-20 06:15:00,26583249.520833332
2018-02-22 03:30:00,18029261.270833332
2018-02-24 00:45:00,11824881.692708334
2018-02-25 22:00:00,14480696.515625
2018-02-27 19:15:00,77581946.88020833
2018-03-01 16:30:00,39762840.958333336
2018-03-03 13:45:00,24388655.833333332
2018-03-05 11:00:00,28510508.5
2018-03-07 08:15:00,22313190.973958332
2018-03-09 05:30:00,18740940.604166668
2018-03-11 02:45:00,14398525.989583334
2018-03-13 00:00:00,2595475.0729166665
2018-03-14 21:15:00,907417.4791666666
2018-03-16 18:30:00,1090287.3385416667
2018-03-18 15:45:00,1090436.125
2018-03-20 13:00:00,1223544.7604166667
2018-03-22 10:15:00,1261431.0989583333
2018-03-24 07:30:00,2335188.6822916665
2018-03-26 04:45:00,1270392.5052083333
2018-03-28 02:00:00,3126659.2135416665
2018-03-29 23:15:00,904392.0104166666
2018-03-31 20:30:00,1295220.2552083333
2018-04-02 17:45:00,479800.25
2018-04-04 15:00:00,1562947.2604166667
2018-04-06 12:15:00,978131.4114583334
2018-04-08 09:30:00,616927.1197916666
2018-04-10 06:45:00,1750427.6354166667
2018-04-12 04:00:00,1089592.3020833333
2018-04-14 01:15:00,1879267.8020833333
2018-04-15 22:30:00,6894666.447916667
2018-04-17 19:45:00,2217325.296875
2018-04-19 17:00:00,766972.5416666666
2018-04-21 14:15:00,2259649.5260416665
2018-04-23 11:30:00,825017.859375
2018-04-25 08:45:00,2007769.78125
2018-04-27 06:00:00,1635887.5364583333
2018-04-29 03:15:00,2266359.1770833335
2018-05-01 00:30:00,996780.109375
2018-05-02 21:45:00,1931472.5416666667
2018-05-04 19:00:00,4333395.307291667
2018-05-06 16:15:00,1426732.6302083333
2018-05-08 13:30:00,3067535.3229166665
2018-05-10 10:45:00,960972.9739583334
2018-05-12 08:00:00,9335533.802083334
2018-05-14 05:15:00,1225363.2083333333
2018-05-16 02:30:00,1724275.8958333333
2018-05-17 23:45:00,2221122.75
2018-05-19 21:00:00,558397.578125
2018-05-21 18:15:00,1535777.2447916667
2018-05-23 15:30:00,1402234.0989583333
2018-05-25 12:45:00,1208264.2604166667
2018-05-27 10:00:00,530646.6145833334
2018-05-29 07:15:00,1273865.9583333333
2018-05-31 04:30:00,703746.078125
2018-06-02 01:45:00,1241743.21875
2018-06-03 23:00:00,9380338.786458334
2018-06-05 20:15:00,7605875.90625
2018-06-07 17:30:00,41761597.958333336
2018-06-09 14:45:00,819453.984375
2018-06-11 12:00:00,1148542.53125
2018-06-13 09:15:00,11350918.765625
2018-06-15 06:30:00,1561038.0416666667
2018-06-17 03:45:00,468442.9375
2018-06-19 01:00:00,917172.90625
2018-06-20 22:15:00,14218583.359375
2018-06-22 19:30:00,2055475.5729166667
2018-06-24 16:45:00,389436.5260416667
2018-06-26 14:00:00,7220442.578125
2018-06-28 11:15:00,10806717.703125
2018-06-30 08:30:00,1078736.921875
2018-07-02 05:45:00,857592.421875
2018-07-04 03:00:00,24635083.651041668
2018-07-06 00:15:00,1304958.6979166667
2018-07-07 21:30:00,621388.3697916666
2018-07-09 18:45:00,6675786.734375
2018-07-11 16:00:00,3636961.8229166665
2018-07-13 13:15:00,41052703.53125
2018-07-15 10:30:00,21261794.932291668
2018-07-17 07:45:00,2999397.90625
2018-07-19 05:00:00,7195338.614583333
2018-07-21 02:15:00,1671362.7135416667
2018-07-22 23:30:00,428424.2083333333
2018-07-24 20:45:00,2294917.0208333335
2018-07-26 18:00:00,2712304.6614583335
2018-07-28 15:15:00,1308714.8697916667
2018-07-30 12:30:00,1139766.1822916667
2018-08-01 09:45:00,3556003.8333333335
2018-08-03 07:00:00,1240979.859375
2018-08-05 04:15:00,567495.1197916666
2018-08-07 01:30:00,10429328.484375
2018-08-08 22:45:00,1174516.1614583333
2018-08-10 20:00:00,1136102.0833333333
2018-08-12 17:15:00,553547.8489583334
2018-08-14 14:30:00,2291954.5
2018-08-16 11:45:00,1143064.65625
2018-08-18 09:00:00,1360106.3072916667
2018-08-20 06:15:00,907747.171875
2018-08-22 03:30:00,1771382.203125
2018-08-24 00:45:00,1196648.1614583333
2018-08-25 22:00:00,816299.1822916666
2018-08-27 19:15:00,2144317.421875
2018-08-29 16:30:00,1793190.53125
2018-08-31 13:45:00,2187115.921875
2018-09-02 11:00:00,956877.8072916666
2018-09-04 08:15:00,3401286.3541666665
2018-09-06 05:30:00,5877298.276041667
2018-09-08 02:45:00,3464802.9791666665
2018-09-10 00:00:00,730554.2447916666
2018-09-11 21:15:00,4414094.875
2018-09-13 18:30:00,1440681.9635416667
2018-09-15 15:45:00,9374111.953125
2018-09-17 13:00:00,1223837.3489583333
2018-09-19 10:15:00,1250514.9166666667
2018-09-21 07:30:00,1512116.1666666667
2018-09-23 04:45:00,976939.6927083334
2018-09-25 02:00:00,1012871.9635416666
2018-09-26 23:15:00,2263863.078125
2018-09-28 20:30:00,2432054.15625
2018-09-30 17:45:00,783754.1041666666
2018-10-02 15:00:00,3167944.1822916665
2018-10-04 12:15:00,1819362.0208333333
2018-10-06 09:30:00,6486817.166666667
2018-10-08 06:45:00,2087891.0572916667
2018-10-10 04:00:00,1583343.7291666667
2018-10-12 01:15:00,2129403.5416666665
2018-10-13 22:30:00,1424894.1822916667
2018-10-15 19:45:00,2474733.9114583335
2018-10-17 17:00:00,3488076.7864583335
2018-10-19 14:15:00,2761307.9375
2018-10-21 11:30:00,1294158.4375
2018-10-23 08:45:00,3145982.2135416665
2018-10-25 06:00:00,4159942.0364583335
2018-10-27 03:15:00,4036897.4010416665
2018-10-29 00:30:00,1233012.0
2018-10-30 21:45:00,2363967.5729166665
2018-11-01 19:00:00,2062843.3489583333
2018-11-03 16:15:00,3748527.5677083335
2018-11-05 13:30:00,5454617.15625
2018-11-07 10:45:00,7800855.875
2018-11-09 08:00:00,4887637.619791667
2018-11-11 05:15:00,3724002.5364583335
2018-11-13 02:30:00,2227264.3645833335
2018-11-14 23:45:00,8019175.572916667
2018-11-16 21:00:00,7105358.25
2018-11-18 18:15:00,1719576.015625
2018-11-20 15:30:00,22630152.703125
2018-11-22 12:45:00,15378005.020833334
2018-11-24 10:00:00,2961777.8177083335
2018-11-26 07:15:00,3168659.0572916665
2018-11-28 04:30:00,4861253.385416667
2018-11-30 01:45:00,9680242.395833334
2018-12-01 23:00:00,3388444.71875
2018-12-03 20:15:00,4921346.833333333
2018-12-05 17:30:00,2505591.2916666665
2018-12-07 14:45:00,4413484.473958333
2018-12-09 12:00:00,1942387.9270833333
2018-12-11 09:15:00,4844051.630208333
2018-12-13 06:30:00,4347706.677083333
2018-12-15 03:45:00,3404212.4427083335
2018-12-17 01:00:00,2414758.5104166665
2018-12-18 22:15:00,5123044.515625
2018-12-20 19:30:00,2673022.921875
2018-12-22 16:45:00,1645540.4375
2018-12-24 14:00:00,1297844.4583333333
2018-12-26 11:15:00,1229606.625
2018-12-28 08:30:00,1747921.359375
2018-12-30 05:45:00,2206387.6302083335
2019-01-01 03:00:00,1251928.1666666667
2019-01-03 00:15:00,1719581.1510416667
2019-01-04 21:30:00,2429503.3333333335
2019-01-06 18:45:00,1459485.7760416667
2019-01-08 16:00:00,1733380.9583333333
2019-01-10 13:15:00,2556058.0208333335
2019-01-12 10:30:00,2152042.84375
2019-01-14 07:45:00,1571784.4791666667
2019-01-16 05:00:00,3991095.1666666665
2019-01-18 02:15:00,2939847.3541666665
2019-01-19 23:30:00,1356224.828125
2019-01-21 20:45:00,1191524.9270833333
2019-01-23 18:00:00,3112456.9739583335
2019-01-25 15:15:00,1887089.1927083333
2019-01-27 12:30:00,1389249.25
2019-01-29 09:45:00,4735516.359375
2019-01-31 07:00:00,2626817.3177083335
2019-02-02 04:15:00,2524403.0208333335
2019-02-04 01:30:00,1343049.484375
2019-02-05 22:45:00,1739758.4583333333
2019-02-07 20:00:00,2040149.2604166667
2019-02-09 17:15:00,2571515.921875
2019-02-11 14:30:00,1477938.5364583333
2019-02-13 11:45:00,12406548.03125
2019-02-15 09:00:00,2143797.5885416665
2019-02-17 06:15:00,1163803.2291666667
2019-02-19 03:30:00,3434068.6145833335
2019-02-21 00:45:00,4458632.171875
2019-02-22 22:00:00,6149117.161458333
2019-02-24 19:15:00,2877975.0520833335
2019-02-26 16:30:00,5789074.760416667
2019-02-28 13:45:00,2712055.1458333335
2019-03-02 11:00:00,6622867.546875
2019-03-04 08:15:00,2266108.2760416665
2019-03-06 05:30:00,2315735.9635416665
2019-03-08 02:45:00,4238549.03125
2019-03-10 00:00:00,1762738.3125
2019-03-11 21:15:00,3558811.6666666665
2019-03-13 18:30:00,5274795.578125
2019-03-15 15:45:00,1225686.7552083333
2019-03-17 13:00:00,817136.5885416666
2019-03-19 10:15:00,1312191.2395833333
2019-03-21 07:30:00,3660448.4375
2019-03-23 04:45:00,1557359.203125
2019-03-25 02:00:00,957990.5
2019-03-26 23:15:00,7257809.677083333
2019-03-28 20:30:00,16499563.598958334
2019-03-30 17:45:00,18010413.552083332
2019-04-01 15:00:00,15835298.557291666
2019-04-03 12:15:00,36417849.802083336
2019-04-05 09:30:00,38003848.333333336
2019-04-07 06:45:00,9581452.864583334
2019-04-09 04:00:00,7546134.458333333
2019-04-11 01:15:00,7093090.947916667
2019-04-12 22:30:00,3430255.125
2019-04-14 19:45:00,3109526.28125
2019-04-16 17:00:00,7086274.604166667
2019-04-18 14:15:00,11735659.229166666
2019-04-20 11:30:00,6423236.947916667
2019-04-22 08:45:00,4326121.088541667
2019-04-24 06:00:00,24709784.723958332
2019-04-26 03:15:00,12822381.604166666
2019-04-28 00:30:00,4178434.8229166665
2019-04-29 21:45:00,7227421.84375
2019-05-01 19:00:00,5982438.557291667
2019-05-03 16:15:00,4142357.8645833335
2019-05-05 13:30:00,6055870.390625
2019-05-07 10:45:00,7816645.229166667
2019-05-09 08:00:00,12351492.932291666
2019-05-11 05:15:00,22835441.161458332
2019-05-13 02:30:00,12527096.020833334
2019-05-14 23:45:00,14184935.479166666
2019-05-16 21:00:00,39461469.208333336
2019-05-18 18:15:00,33774191.692708336
2019-05-20 15:30:00,3233149.5885416665
2019-05-22 12:45:00,12234814.666666666
2019-05-24 10:00:00,7362102.598958333
2019-05-26 07:15:00,5115401.088541667
2019-05-28 04:30:00,7748896.848958333
2019-05-30 01:45:00,3516371.9010416665
2019-05-31 23:00:00,21320462.223958332
2019-06-02 20:15:00,7831346.984375
2019-06-04 17:30:00,18225531.0625
2019-06-06 14:45:00,3431065.359375
2019-06-08 12:00:00,6349199.442708333
2019-06-10 09:15:00,2144782.3541666665
2019-06-12 06:30:00,9912331.453125
2019-06-14 03:45:00,12428430.401041666
2019-06-16 01:00:00,5864206.34375
2019-06-17 22:15:00,15540888.192708334
2019-06-19 19:30:00,8145012.088541667
2019-06-21 16:45:00,20398948.239583332
2019-06-23 14:00:00,21021735.927083332
2019-06-25 11:15:00,6303029.53125
2019-06-27 08:30:00,32937277.8125
2019-06-29 05:45:00,32569046.291666668
2019-07-01 03:00:00,1353066.4270833333
2019-07-03 00:15:00,16210040.651041666
2019-07-04 21:30:00,5585218.822916667
2019-07-06 18:45:00,1432552.9010416667
2019-07-08 16:00:00,4319137.098958333
2019-07-10 13:15:00,13612647.583333334
2019-07-12 10:45:00,23114089.791666668
2019-07-14 08:00:00,1579278.625
2019-07-16 05:15:00,5798370.6875
2019-07-18 02:30:00,19401222.036458332
2019-07-20 00:15:00,43179352.5
2019-07-21 21:30:00,1812879.4479166667
2019-07-23 18:45:00,4594587.432291667
2019-07-25 16:00:00,5463147.96875
2019-07-27 13:15:00,1395343.0
2019-07-29 10:30:00,1213529.28125
2019-07-31 07:45:00,5959155.447916667
2019-08-02 05:00:00,3717470.4270833335
2019-08-04 02:15:00,1066353.40625
2019-08-05 23:30:00,5215775.5625
2019-08-07 20:45:00,5157196.432291667
2019-08-09 18:00:00,3793053.3072916665
2019-08-11 15:15:00,881899.5260416666
2019-08-13 12:30:00,11003728.473958334
2019-08-15 09:45:00,1888700.8020833333
2019-08-17 07:00:00,4814162.182291667
2019-08-19 04:15:00,1725661.2708333333
2019-08-21 01:30:00,3633829.8229166665
2019-08-22 22:45:00,5628541.869791667
2019-08-24 20:00:00,1795196.2395833333
2019-08-26 17:15:00,3849464.3697916665
2019-08-28 14:30:00,3194517.2447916665
2019-08-30 11:45:00,2473445.7083333335
2019-09-01 09:00:00,1069737.0625
2019-09-03 06:15:00,3365001.8333333335
2019-09-05 03:30:00,6278952.166666667
2019-09-07 00:45:00,2744126.9635416665
2019-09-08 22:00:00,856808.0520833334
2019-09-10 19:15:00,2718816.0052083335
2019-09-12 16:30:00,1880032.359375
2019-09-14 13:45:00,3794597.75
2019-09-16 11:00:00,2516806.3854166665
2019-09-18 08:15:00,3435943.359375
2019-09-20 05:30:00,2265723.6614583335
2019-09-22 02:45:00,1222137.0416666667
2019-09-24 00:00:00,9245105.625
2019-09-25 21:15:00,2622746.7760416665
2019-09-27 18:30:00,3495731.53125
2019-09-29 15:45:00,1047846.8333333334
2019-10-01 13:00:00,6123323.0
2019-10-03 10:15:00,1594503.015625
2019-10-05 07:30:00,1831251.3229166667
2019-10-07 04:45:00,1136983.8645833333
2019-10-09 02:00:00,1724516.609375
2019-10-10 23:15:00,1651741.75
2019-10-12 20:30:00,1536701.8645833333
2019-10-14 17:45:00,2901294.1822916665
2019-10-16 15:00:00,2695608.8854166665
2019-10-18 12:15:00,3074590.515625
2019-10-20 09:30:00,1219307.140625
2019-10-22 06:45:00,1037996.7916666666
2019-10-24 04:00:00,1757853.734375
2019-10-26 01:15:00,5942081.78125
2019-10-27 22:30:00,3701897.1302083335
2019-10-29 19:45:00,3609211.4427083335
2019-10-31 17:00:00,2806958.6822916665
2019-11-02 14:15:00,4187093.671875
2019-11-04 11:30:00,2318983.8020833335
2019-11-06 08:45:00,4100712.609375
2019-11-08 06:00:00,4432585.901041667
2019-11-10 03:15:00,1486223.4739583333
2019-11-12 00:30:00,1717456.53125
2019-11-13 21:45:00,6514964.182291667
2019-11-15 19:00:00,46851606.96875
2019-11-17 16:15:00,36415973.994791664
2019-11-19 13:30:00,7813350.270833333
2019-11-21 10:45:00,2358424.984375
2019-11-23 08:00:00,5157705.755208333
2019-11-25 05:15:00,1584124.3697916667
2019-11-27 02:30:00,14838837.994791666
2019-11-28 23:45:00,1493630.578125
2019-11-30 21:00:00,2848230.921875
2019-12-02 18:15:00,1508122.4947916667
2019-12-04 15:30:00,1417465.8020833333
2019-12-06 12:45:00,1419471.2708333333
2019-12-08 10:00:00,858395.46875
2019-12-10 07:15:00,4590032.703125
2019-12-12 04:30:00,2619905.7083333335
2019-12-14 01:45:00,1526710.46875
2019-12-15 23:00:00,2380388.953125
2019-12-17 20:15:00,6385771.817708333
2019-12-19 17:30:00,3426078.4583333335
2019-12-21 14:45:00,1231379.1822916667
2019-12-23 12:00:00,1069510.3854166667
2019-12-25 09:15:00,1477769.3645833333
2019-12-27 06:30:00,1174039.8854166667
2019-12-29 03:45:00,950990.9947916666
2019-12-31 01:00:00,1266978.8125
2020-01-01 22:15:00,585499.203125
2020-01-03 19:30:00,1337643.2291666667
2020-01-05 16:45:00,779076.1770833334
2020-01-07 14:00:00,3516542.8645833335
2020-01-09 11:15:00,5633989.984375
2020-01-11 08:30:00,2013078.6145833333
2020-01-13 05:45:00,1044094.4479166666
2020-01-15 03:00:00,5478835.84375
2020-01-17 00:15:00,1542511.21875
2020-01-18 21:30:00,1796501.2916666667
2020-01-20 18:45:00,1299757.8333333333
2020-01-22 16:00:00,4416339.114583333
2020-01-24 13:15:00,1637929.1666666667
2020-01-26 10:30:00,926230.390625
2020-01-28 07:45:00,8711642.770833334
2020-01-30 05:00:00,2193123.5989583335
2020-02-01 02:15:00,3659080.3177083335
2020-02-02 23:30:00,2433781.7604166665
2020-02-04 20:45:00,4822464.890625
2020-02-06 18:00:00,4556361.296875
2020-02-08 15:15:00,8375200.776041667
2020-02-10 12:30:00,1461332.3385416667
2020-02-12 09:45:00,5944967.609375
2020-02-14 07:30:00,5272836.057291667
2020-02-16 04:45:00,1876013.8020833333
2020-02-18 02:00:00,2029688.3541666667
2020-02-19 23:15:00,3741963.9270833335
2020-02-21 20:30:00,2851785.328125
2020-02-23 17:45:00,1486752.984375
2020-02-25 15:00:00,3134460.1666666665
2020-02-27 12:15:00,4397961.75
2020-02-29 09:30:00,1567681.5625
2020-03-02 06:45:00,767682.5572916666
2020-03-04 04:00:00,6528305.932291667
2020-03-06 01:15:00,2228592.1041666665
2020-03-07 22:30:00,1186070.6875
2020-03-09 19:45:00,3174256.140625
2020-03-11 17:00:00,6188768.197916667
2020-03-13 14:15:00,17661817.885416668
2020-03-15 13:30:00,2912754.4947916665
2020-03-17 10:45:00,11413509.770833334
2020-03-19 08:00:00,11101467.760416666
2020-03-21 05:15:00,13558071.494791666
2020-03-23 02:30:00,1462805.421875
2020-03-24 23:45:00,3122889.03125
2020-03-26 21:30:00,7163852.875
2020-03-28 18:45:00,1955315.6354166667
2020-03-30 16:00:00,1901006.0833333333
2020-04-01 13:15:00,3524670.9375
2020-04-03 10:30:00,2963960.890625
2020-04-05 07:45:00,2737885.2916666665
2020-04-07 05:00:00,9237535.390625
2020-04-09 02:15:00,2728650.3125
2020-04-10 23:30:00,1652071.9479166667
2020-04-12 20:45:00,1142155.1354166667
2020-04-14 18:00:00,2582130.2916666665
2020-04-16 15:15:00,3819736.2083333335
2020-04-18 12:30:00,10607554.625
2020-04-20 09:45:00,1219690.4583333333
2020-04-22 07:00:00,2091012.0052083333
2020-04-24 04:15:00,25436586.317708332
2020-04-26 01:30:00,16759341.671875
2020-04-27 22:45:00,4671728.75
2020-04-29 20:00:00,5972517.78125
2020-05-01 17:15:00,66923360.53125
2020-05-03 14:30:00,15176256.90625
2020-05-05 11:45:00,5058369.838541667
2020-05-07 09:00:00,9043731.234375
2020-05-09 06:15:00,44558603.848958336
2020-05-11 03:30:00,24146946.9375
2020-05-13 00:45:00,17707211.276041668
2020-05-14 22:00:00,51786101.807291664
2020-05-16 19:15:00,60361473.145833336
2020-05-18 16:30:00,63643646.369791664
2020-05-20 13:45:00,84419349.76041667
2020-05-22 11:00:00,84057614.41666667
2020-05-24 08:15:00,79699497.11979167
2020-05-26 05:30:00,60013253.223958336
2020-05-28 02:45:00,46296997.010416664
2020-05-30 00:00:00,28482149.713541668
2020-05-31 21:15:00,1391453.203125
2020-06-02 18:30:00,12117545.567708334
2020-06-04 15:45:00,12266298.046875
2020-06-06 13:00:00,1770243.8333333333
2020-06-08 10:15:00,1973223.7135416667
2020-06-10 07:30:00,3823019.0104166665
2020-06-12 04:45:00,11638051.6875
2020-06-14 02:00:00,1897933.734375
2020-06-15 23:15:00,7806149.239583333
2020-06-17 20:30:00,8276440.119791667
2020-06-19 17:45:00,12391430.270833334
2020-06-21 15:00:00,1485145.7239583333
2020-06-23 12:15:00,25131322.958333332
2020-06-25 09:30:00,13997989.572916666
2020-06-27 06:45:00,2538083.8177083335
2020-06-29 04:00:00,2493726.0364583335
2020-07-01 01:15:00,11144531.375
2020-07-02 22:30:00,6035978.255208333
2020-07-04 19:45:00,4067975.4947916665
2020-07-06 17:00:00,2531898.3125
2020-07-08 14:15:00,6412740.203125
2020-07-10 11:30:00,5476081.833333333
2020-07-12 08:45:00,2445845.9010416665
2020-07-14 06:00:00,18900705.348958332
2020-07-16 03:15:00,21498271.666666668
2020-07-18 00:30:00,37820233.828125
2020-07-19 21:45:00,35767630.755208336
2020-07-21 19:00:00,44477116.145833336
2020-07-23 16:15:00,67151007.23958333
2020-07-25 13:30:00,60362288.598958336
2020-07-27 10:45:00,30554634.5
2020-07-29 08:00:00,56903951.864583336
2020-07-31 05:15:00,60462383.015625
2020-08-02 02:30:00,65171253.15625
2020-08-03 23:45:00,42038679.369791664
2020-08-05 21:00:00,36076334.057291664
2020-08-07 18:15:00,43663281.119791664
2020-08-09 15:30:00,19922667.302083332
2020-08-11 12:45:00,16395760.296875
2020-08-13 10:00:00,8782191.296875
2020-08-15 07:15:00,10058676.302083334
2020-08-17 04:30:00,2568039.2135416665
2020-08-19 01:45:00,31549489.963541668
2020-08-20 23:00:00,23296443.03125
2020-08-22 20:15:00,28858852.302083332
2020-08-24 17:30:00,12337420.432291666
2020-08-26 14:45:00,33793236.505208336
2020-08-28 12:00:00,44322813.229166664
2020-08-30 09:15:00,19818776.088541668
2020-09-01 06:30:00,13532033.401041666
2020-09-03 03:45:00,24653908.807291668
2020-09-05 01:00:00,55081768.135416664
2020-09-06 22:15:00,24712598.276041668
2020-09-08 19:30:00,2799193.2708333335
2020-09-10 16:45:00,14067683.447916666
2020-09-12 14:00:00,8565738.989583334
2020-09-14 11:15:00,1895806.6666666667
2020-09-16 08:30:00,14082496.776041666
2020-09-18 05:45:00,2865542.0520833335
2020-09-20 03:00:00,3586225.7239583335
2020-09-22 00:15:00,13812552.453125
2020-09-23 21:30:00,36757134.546875
2020-09-25 18:45:00,27164232.572916668
2020-09-27 16:00:00,4179073.4739583335
2020-09-29 13:15:00,16697950.036458334
2020-10-01 10:30:00,18188891.442708332
2020-10-03 07:45:00,45092580.354166664
2020-10-05 05:00:00,2036791.6979166667
2020-10-07 02:15:00,17029253.442708332
2020-10-08 23:30:00,8599476.057291666
2020-10-10 20:45:00,13228872.380208334
2020-10-12 18:00:00,6141361.78125
2020-10-14 15:15:00,7211149.041666667
2020-10-16 12:30:00,5955726.619791667
2020-10-18 09:45:00,2988486.6510416665
2020-10-20 07:00:00,11229431.557291666
2020-10-22 04:15:00,27233884.536458332
2020-10-24 01:30:00,43956182.083333336
2020-10-25 22:45:00,19225062.921875
2020-10-27 20:00:00,46750626.208333336
2020-10-29 17:15:00,62269485.880208336
2020-10-31 14:30:00,69778947.79166667
2020-11-02 11:45:00,55882115.890625
2020-11-04 09:00:00,64934617.984375
2020-11-06 06:15:00,70271243.01041667
2020-11-08 03:30:00,59377691.151041664
2020-11-10 00:45:00,15465191.197916666
2020-11-11 22:00:00,6487710.916666667
2020-11-13 19:15:00,4621100.536458333
2020-11-15 16:30:00,2949924.6927083335
2020-11-17 13:45:00,10123501.776041666
2020-11-19 11:00:00,8540545.40625
2020-11-21 08:15:00,6630464.104166667
2020-11-23 05:30:00,2249854.9635416665
2020-11-25 02:45:00,29205608.072916668
2020-11-27 00:00:00,38985866.963541664
2020-11-28 21:15:00,19840560.40625
2020-11-30 18:30:00,10716203.453125
2020-12-02 15:45:00,44580858.135416664
2020-12-04 13:00:00,40899251.395833336
2020-12-06 10:15:00,25361458.833333332
2020-12-08 07:30:00,9296485.942708334
2020-12-10 04:45:00,14527698.609375
2020-12-12 02:00:00,20392052.083333332
2020-12-13 23:15:00,3553644.2083333335
2020-12-15 20:30:00,10871579.135416666
2020-12-17 17:45:00,54847537.369791664
2020-12-19 15:00:00,49081538.536458336
2020-12-21 12:15:00,28015546.020833332
2020-12-23 09:30:00,44540627.020833336
2020-12-25 06:45:00,61500196.270833336
2020-12-27 04:00:00,38886053.739583336
2020-12-29 01:15:00,45680892.145833336
2020-12-30 22:30:00,47374161.125
2021-01-01 19:45:00,35570337.270833336
2021-01-03 17:00:00,20429370.192708332
2021-01-05 14:15:00,21072644.3125
2021-01-07 11:30:00,33558933.760416664
2021-01-09 08:45:00,77609632.18229167
2021-01-11 06:00:00,81833120.69270833
2021-01-13 03:15:00,84927172.546875
2021-01-15 00:30:00,84246446.38020833
2021-01-16 21:45:00,74521276.5
2021-01-18 19:00:00,78170771.22395833
2021-01-20 16:15:00,83312937.36979167
2021-01-22 13:30:00,84890191.70833333
2021-01-24 10:45:00,83379214.44791667
2021-01-26 08:00:00,76185442.49479167
2021-01-28 05:15:00,68041376.734375
2021-01-30 02:30:00,80903101.234375
2021-01-31 23:45:00,73079697.80208333
2021-02-02 21:00:00,79461256.796875
2021-02-04 18:15:00,78027910.39583333
2021-02-06 15:30:00,78988955.46354167
2021-02-08 12:45:00,71522255.77083333
2021-02-10 10:00:00,75250499.578125
2021-02-12 07:15:00,80967137.53645833
2021-02-14 04:30:00,80713089.92708333
2021-02-16 01:45:00,81831516.76041667
2021-02-17 23:00:00,82587202.82291667
2021-02-19 20:15:00,76472811.109375
2021-02-21 17:30:00,79615960.33854167
2021-02-23 14:45:00,75839294.93229167
2021-02-25 12:00:00,77461434.765625
2021-02-27 09:15:00,81407156.23958333
2021-03-01 06:30:00,83905601.69270833
2021-03-03 03:45:00,81649597.67708333
2021-03-05 01:00:00,82394233.66145833
2021-03-06 22:15:00,83971675.19270833
2021-03-08 19:30:00,92375495.36979167
2021-03-10 16:45:00,90038411.82291667
2021-03-12 14:00:00,76969543.56770833
2021-03-14 11:15:00,77022111.390625
2021-03-16 08:30:00,76736634.44791667
2021-03-18 05:45:00,81252984.43229167
2021-03-20 03:00:00,78596638.28125
2021-03-22 00:15:00,80378501.33854167
2021-03-23 21:30:00,88332473.75
2021-03-25 18:45:00,93934377.05208333
2021-03-27 16:00:00,103153842
2021-03-29 13:15:00,83844417.08333333
2021-03-31 10:30:00,85277500.859375
2021-04-02 07:45:00,86074137.86979167
2021-04-04 05:00:00,83722810.33854167
2021-04-06 02:15:00,83364304.58333333
2021-04-07 23:30:00,87943532.66666667
2021-04-09 20:45:00,84100493.28645833
2021-04-11 18:00:00,82240216.375
2021-04-13 15:15:00,82646225.44270833
2021-04-15 12:30:00,80271280.515625
2021-04-17 09:45:00,75633839.01041667
2021-04-19 07:00:00,74363232.09895833
2021-04-21 04:15:00,72642378.203125
2021-04-23 01:30:00,74079331.21875
2021-04-24 22:45:00,75329781.265625
2021-04-26 20:00:00,84857198.45833333
2021-04-28 17:15:00,85993544.58854167
2021-04-30 14:30:00,81568625.10416667
2021-05-02 11:45:00,86494435.35416667
2021-05-04 09:00:00,75124987.26041667
2021-05-06 06:15:00,69440077.453125
2021-05-08 03:30:00,51702393.328125
2021-05-10 00:45:00,52329989.9375
2021-05-11 22:00:00,32974635.59375
2021-05-13 19:15:00,35046638.916666664
2021-05-15 16:30:00,46585047.546875
2021-05-17 13:45:00,37832212.989583336
2021-05-19 11:00:00,65034947.005208336
2021-05-21 08:15:00,79287511.97916667
2021-05-23 05:30:00,76450464.125
2021-05-25 02:45:00,67118072.90625
2021-05-27 00:00:00,82246641.66145833
2021-05-28 21:15:00,69420174.96875
2021-05-30 18:30:00,32261682.760416668
2021-06-01 15:45:00,28011458.755208332
2021-06-03 13:00:00,4024272.171875
2021-06-05 10:15:00,2658574.0989583335
2021-06-07 07:30:00,2315604.6510416665
2021-06-09 04:45:00,4092372.9322916665
2021-06-11 02:00:00,21113080.255208332
2021-06-12 23:15:00,23466041.817708332
2021-06-14 20:30:00,8744243.151041666
2021-06-16 17:45:00,5220056.859375
2021-06-18 15:00:00,1604688.265625
2021-06-20 12:15:00,17900341.395833332
2021-06-22 09:30:00,21469413.942708332
2021-06-24 06:45:00,26914405.276041668
2021-06-26 04:00:00,17349600.604166668
2021-06-28 01:15:00,14307097.515625
2021-06-29 22:30:00,34713481.78125
2021-07-01 19:45:00,57570753.729166664
2021-07-03 17:00:00,51422729.734375
2021-07-05 14:15:00,8870123.260416666
2021-07-07 11:30:00,1817252.1666666667
2021-07-09 08:45:00,1565943.4583333333
2021-07-11 06:00:00,1152927.3125
2021-07-13 03:15:00,2106713.8125
2021-07-15 00:30:00,980016.4427083334
2021-07-16 21:45:00,1179955.75
2021-07-18 19:00:00,791293.3020833334
2021-07-20 16:15:00,4443295.729166667
2021-07-22 13:30:00,2190680.4375
2021-07-24 10:45:00,904843.4791666666
2021-07-26 08:00:00,945865.78125
2021-07-28 05:15:00,965964.5572916666
2021-07-30 02:30:00,1399436.4427083333
2021-07-31 23:45:00,719883.3802083334
2021-08-02 21:00:00,3199385.7708333335
2021-08-04 18:15:00,3212285.6875
2021-08-06 15:30:00,993963.328125
2021-08-08 12:45:00,885954.8177083334
2021-08-10 10:00:00,2502414.8645833335
2021-08-12 07:15:00,2067955.8229166667
2021-08-14 04:30:00,3585585.6458333335
2021-08-16 01:45:00,1258048.015625
2021-08-17 23:00:00,6357702.411458333
2021-08-19 20:15:00,2943448.578125
2021-08-21 17:30:00,3291954.7239583335
2021-08-23 14:45:00,1576269.7447916667
2021-08-25 12:00:00,1897001.640625
2021-08-27 09:15:00,918489.6041666666
2021-08-29 06:30:00,1410270.4479166667
2021-08-31 03:45:00,3684679.6875
2021-09-02 01:00:00,6759276.260416667
2021-09-03 22:15:00,2742336.90625
2021-09-05 19:30:00,948976.1666666666
2021-09-07 16:45:00,1901300.265625
2021-09-09 14:00:00,2318566.1041666665
2021-09-11 11:15:00,5452766.911458333
2021-09-13 08:30:00,932886.6979166666
2021-09-15 05:45:00,2426012.5364583335
2021-09-17 03:00:00,10136718.630208334
2021-09-19 00:15:00,1117937.6614583333
2021-09-20 21:30:00,4983562.838541667
2021-09-22 18:45:00,3256876.0
2021-09-24 16:00:00,2501314.53125
2021-09-26 13:15:00,984649.875
2021-09-28 10:30:00,1163303.1510416667
2021-09-30 07:45:00,11183019.130208334
2021-10-02 05:00:00,9503938.302083334
2021-10-04 02:15:00,1454810.5208333333
2021-10-05 23:30:00,4533108.671875
2021-10-07 20:45:00,22433791.177083332
2021-10-09 18:00:00,6495614.526041667
2021-10-11 15:15:00,4138864.984375
2021-10-13 12:30:00,4318051.994791667
2021-10-15 09:45:00,4425574.463541667
2021-10-17 07:00:00,1928818.3020833333
2021-10-19 04:15:00,4449397.317708333
2021-10-21 01:30:00,11479794.0625
2021-10-22 22:45:00,1419217.7708333333
2021-10-24 20:00:00,1105002.796875
2021-10-26 17:15:00,2208527.6041666665
2021-10-28 14:30:00,1176749.375
2021-10-30 11:45:00,1998367.734375
2021-11-01 09:00:00,2587187.6354166665
2021-11-03 06:15:00,5562639.895833333
2021-11-05 03:30:00,3634738.0989583335
2021-11-07 00:45:00,794988.84375
2021-11-08 22:00:00,10904154.770833334
2021-11-10 19:15:00,7607705.661458333
2021-11-12 16:30:00,1770112.609375
2021-11-14 13:45:00,978894.2708333334
2021-11-16 11:00:00,2086119.4583333333
2021-11-18 08:15:00,2220599.15625
2021-11-20 05:30:00,3004991.0885416665
2021-11-22 02:45:00,2621644.2604166665
2021-11-24 00:00:00,1841642.671875
2021-11-25 21:15:00,2990680.171875
2021-11-27 18:30:00,954604.640625
2021-11-29 15:45:00,1803597.53125
2021-12-01 13:00:00,14975399.098958334
2021-12-03 10:15:00,9735619.947916666
2021-12-05 07:30:00,4561655.442708333
2021-12-07 04:45:00,1525634.203125
2021-12-09 02:00:00,18680253.473958332
2021-12-10 23:15:00,1799560.1510416667
2021-12-12 20:30:00,657017.703125
2021-12-14 17:45:00,1626681.3125
2021-12-16 15:00:00,1417913.1302083333
2021-12-18 12:15:00,17605386.770833332
2021-12-20 09:30:00,1597730.4739583333
2021-12-22 06:45:00,1590874.046875
2021-12-24 04:00:00,2129895.484375
2021-12-26 01:15:00,8685081.854166666
2021-12-27 22:30:00,7773088.713541667
2021-12-29 19:45:00,9771964.791666666
2021-12-31 17:00:00,14437323.604166666
2022-01-02 14:15:00,548941.2552083334
2022-01-04 11:30:00,3272845.1979166665
2022-01-06 08:45:00,3611809.21875
2022-01-08 06:00:00,4376114.140625
2022-01-10 03:15:00,658892.4583333334
2022-01-12 00:30:00,1901176.9166666667
2022-01-13 21:45:00,1509845.921875
2022-01-15 19:00:00,1193245.265625
2022-01-17 16:15:00,2374125.2708333335
2022-01-19 13:30:00,2402316.3697916665
2022-01-21 10:45:00,2872902.140625
2022-01-23 08:00:00,2260886.390625
2022-01-25 05:15:00,2724014.1614583335
2022-01-27 02:30:00,4523671.380208333
2022-01-28 23:45:00,1925552.0677083333
2022-01-30 21:00:00,2786094.0729166665
2022-02-01 18:15:00,6342660.942708333
2022-02-03 15:30:00,1855484.7239583333
2022-02-05 12:45:00,26140700.416666668
2022-02-07 10:00:00,1107452.1979166667
2022-02-09 07:15:00,5260243.635416667
2022-02-11 04:30:00,21651530.786458332
2022-02-13 01:45:00,25884586.989583332
2022-02-14 23:00:00,1933734.734375
2022-02-16 20:15:00,1298113.5104166667
2022-02-18 17:30:00,2828032.171875
2022-02-20 14:45:00,923320.765625
2022-02-22 12:00:00,4396968.0625
2022-02-24 09:15:00,1410199.5052083333
2022-02-26 06:30:00,1413808.734375
2022-02-28 03:45:00,831643.8645833334
2022-03-02 01:00:00,7413938.317708333
2022-03-03 22:15:00,2765708.34375
2022-03-05 19:30:00,3037474.7916666665
2022-03-07 16:45:00,1222836.8385416667
2022-03-09 14:00:00,2285718.4375
2022-03-11 11:15:00,1464008.0364583333
2022-03-13 08:30:00,899707.6875
2022-03-15 05:45:00,2185738.0260416665
2022-03-17 03:00:00,2025344.0729166667
2022-03-19 00:15:00,2671823.703125
2022-03-20 21:30:00,900766.3020833334
2022-03-22 18:45:00,4105697.984375
2022-03-24 16:00:00,1969703.7395833333
2022-03-26 13:15:00,1888265.765625
2022-03-28 10:30:00,1620622.3958333333
2022-03-30 07:45:00,2201938.53125
2022-04-01 05:00:00,7647444.494791667
2022-04-03 02:15:00,2517458.7760416665
2022-04-04 23:30:00,1345904.3802083333
2022-04-06 20:45:00,2752711.421875
2022-04-08 18:00:00,3408342.3802083335
2022-04-10 15:15:00,781680.0520833334
2022-04-12 12:30:00,2622981.6510416665
2022-04-14 09:45:00,4274929.885416667
2022-04-16 07:00:00,933104.1927083334
2022-04-18 04:15:00,754032.8125
2022-04-20 01:30:00,4494616.630208333
2022-04-21 22:45:00,2509541.4739583335
2022-04-23 20:00:00,2504796.5572916665
2022-04-25 17:15:00,3147848.6354166665
2022-04-27 14:30:00,3383695.109375
2022-04-29 11:45:00,6300415.03125
2022-05-01 09:00:00,1414442.7552083333
2022-05-03 06:15:00,3622624.359375
2022-05-05 06:00:00,21530517.692708332
2022-05-07 03:15:00,3569370.1875
2022-05-09 00:30:00,1376960.4479166667
2022-05-10 21:45:00,1937770.2291666667
2022-05-12 19:00:00,109586150.51041667
2022-05-14 16:15:00,84019245.69270833
2022-05-16 13:30:00,50743674.140625
2022-05-18 10:45:00,2484435.7604166665
2022-05-20 08:00:00,10039211.53125
2022-05-22 05:15:00,1112590.5416666667
2022-05-24 02:30:00,1697220.8125
2022-05-25 23:45:00,3210807.1927083335
2022-05-27 21:00:00,2282076.703125
2022-05-29 18:15:00,1294518.1302083333
2022-05-31 15:30:00,1418505.03125
2022-06-02 12:45:00,5835886.479166667
2022-06-04 10:00:00,2024535.078125
2022-06-06 07:15:00,847101.046875
2022-06-08 04:30:00,1384151.90625
2022-06-10 01:45:00,1566371.4895833333
2022-06-11 23:00:00,1272340.0052083333
2022-06-13 20:15:00,17114875.140625
2022-06-15 17:30:00,7028759.046875
2022-06-17 14:45:00,4314269.942708333
2022-06-19 12:00:00,1222662.0364583333
2022-06-21 09:15:00,3425765.2291666665
2022-06-23 06:30:00,2816871.984375
2022-06-25 03:45:00,3814906.6822916665
2022-06-27 01:00:00,22786744.984375
2022-06-28 22:15:00,5034843.661458333
2022-06-30 19:30:00,2677602.8645833335
2022-07-02 16:45:00,2862144.625
2022-07-04 14:00:00,1176760.171875
2022-07-06 11:15:00,6223779.666666667
2022-07-08 08:30:00,1854560.21875
2022-07-10 05:45:00,1663654.5260416667
2022-07-12 03:00:00,3731136.1979166665
2022-07-14 00:15:00,10444726.9375
2022-07-15 21:30:00,3335156.4166666665
2022-07-17 18:45:00,1653904.234375
2022-07-19 16:00:00,4866395.541666667
2022-07-21 13:15:00,7876622.666666667
2022-07-23 10:30:00,3723914.828125
2022-07-25 07:45:00,803610.3020833334
2022-07-27 05:00:00,1454688.84375
2022-07-29 02:15:00,2739376.4635416665
2022-07-30 23:30:00,2177957.7395833335
2022-08-01 20:45:00,2646581.640625
2022-08-03 18:00:00,3048301.9479166665
2022-08-05 15:15:00,3610887.9375
2022-08-07 12:30:00,693503.0208333334
2022-08-09 09:45:00,3063716.5677083335
2022-08-11 07:00:00,2817472.65625
2022-08-13 05:00:00,2081684.9791666667
2022-08-15 02:15:00,1193548.4114583333
2022-08-16 23:30:00,2109997.9479166665
2022-08-18 20:45:00,4556834.692708333
2022-08-20 18:00:00,1069216.5520833333
2022-08-22 15:15:00,1329102.4635416667
2022-08-24 12:30:00,1536412.2760416667
2022-08-26 09:45:00,1806074.1302083333
2022-08-28 07:00:00,1152705.2864583333
2022-08-30 04:15:00,1735741.4791666667
2022-09-01 01:30:00,2362408.140625
2022-09-02 22:45:00,6031899.739583333
2022-09-04 20:00:00,762366.359375
2022-09-06 17:15:00,1905569.4270833333
2022-09-08 14:30:00,2299630.2447916665
2022-09-10 11:45:00,2665186.6145833335
2022-09-12 09:00:00,1175220.140625
2022-09-14 06:15:00,5157102.90625
2022-09-16 03:30:00,2511264.796875
2022-09-18 00:45:00,1960843.2552083333
2022-09-19 22:00:00,2073259.1145833333
2022-09-21 19:15:00,2744663.984375
2022-09-23 16:30:00,3256823.1927083335
2022-09-25 13:45:00,919889.8020833334
2022-09-27 11:00:00,2997826.5104166665
2022-09-29 08:15:00,1164320.4166666667
2022-10-01 05:30:00,1556514.40625
2022-10-03 02:45:00,1096334.3020833333
2022-10-05 00:00:00,1296311.46875
2022-10-06 21:15:00,1804719.4166666667
2022-10-08 18:30:00,896165.90625
2022-10-10 15:45:00,913080.3802083334
2022-10-12 13:00:00,1377922.7604166667
2022-10-14 10:15:00,5148639.588541667
2022-10-16 07:30:00,912500.3333333334
2022-10-18 04:45:00,3016502.65625
2022-10-20 02:00:00,8157549.734375
2022-10-21 23:15:00,1439456.3541666667
2022-10-23 20:30:00,1378265.9322916667
2022-10-25 17:45:00,4007530.7760416665
2022-10-27 15:00:00,2289934.4479166665
2022-10-29 12:15:00,3055709.3125
2022-10-31 09:30:00,2037292.28125
2022-11-02 06:45:00,2102009.9739583335
2022-11-04 04:00:00,1535302.9583333333
2022-11-06 01:15:00,1407982.8125
2022-11-07 22:30:00,2265310.640625
2022-11-09 19:45:00,2332040.8645833335
2022-11-11 17:00:00,2437457.7135416665
2022-11-13 14:15:00,3386138.0833333335
2022-11-15 11:30:00,98028523.38020833
2022-11-17 08:45:00,108252880.47916667
2022-11-19 06:00:00,71340135.04166667
2022-11-21 03:15:00,2880594.53125
2022-11-23 00:30:00,3696483.2604166665
2022-11-24 21:45:00,18997677.15625
2022-11-26 19:00:00,10864191.197916666
2022-11-28 16:15:00,1875907.2291666667
2022-11-30 13:30:00,2653582.6354166665
2022-12-02 10:45:00,3938703.4791666665
2022-12-04 08:00:00,2070382.09375
2022-12-06 05:15:00,2093452.3541666667
2022-12-08 02:30:00,884288.9739583334
2022-12-09 23:45:00,11355638.046875
2022-12-11 21:00:00,883785.9166666666
2022-12-13 18:15:00,1453328.328125
2022-12-15 15:30:00,2460021.7708333335
2022-12-17 12:45:00,6533113.541666667
2022-12-19 10:00:00,1098421.9947916667
2022-12-21 07:15:00,1998029.2552083333
2022-12-23 04:30:00,2009158.0989583333
2022-12-25 01:45:00,6021204.526041667
2022-12-26 23:00:00,2311072.4010416665
2022-12-28 20:15:00,2742460.8697916665
2022-12-30 17:30:00,3623782.3958333335
2023-01-01 14:45:00,908539.7395833334
2023-01-03 12:00:00,1721662.84375
2023-01-05 09:15:00,3156528.3645833335
2023-01-07 06:30:00,914328.0520833334
2023-01-09 03:45:00,825513.9791666666
2023-01-11 01:00:00,11761908.536458334
2023-01-12 22:15:00,6873838.557291667
2023-01-14 19:30:00,1267220.3125
2023-01-16 16:45:00,1586246.3385416667
2023-01-18 14:00:00,3356727.0833333335
2023-01-20 11:15:00,3291408.3802083335
2023-01-22 08:30:00,1676191.34375
2023-01-24 05:45:00,1906049.5625
2023-01-26 03:00:00,988084.8177083334
2023-01-28 00:15:00,2586121.3697916665
2023-01-29 21:30:00,1001575.9114583334
2023-01-31 18:45:00,5127031.192708333
2023-02-02 16:00:00,3818971.84375
2023-02-04 13:15:00,8160713.177083333
2023-02-06 10:30:00,6750539.854166667
2023-02-08 07:45:00,47305563.526041664
2023-02-10 05:00:00,51145151.010416664
2023-02-12 02:15:00,62003174.989583336
2023-02-13 23:30:00,65013400.859375
2023-02-15 20:45:00,60974787.020833336
2023-02-17 18:00:00,58083940.9375
2023-02-19 15:15:00,31085400.3125
2023-02-21 12:30:00,15860948.442708334
2023-02-23 09:45:00,18891207.005208332
2023-02-25 07:00:00,8197782.432291667
2023-02-27 04:15:00,3370089.734375
2023-03-01 01:30:00,16645542.442708334
2023-03-02 22:45:00,37238408.34375
2023-03-04 20:00:00,51002820.083333336
2023-03-06 17:15:00,32699484.104166668
2023-03-08 14:30:00,50027700.463541664
2023-03-10 11:45:00,61477971.135416664
2023-03-12 09:00:00,65394642.28125
2023-03-14 06:15:00,67062442.817708336
2023-03-16 03:30:00,63200225.083333336
2023-03-18 00:45:00,64473018.994791664
2023-03-19 22:00:00,65425911.979166664
2023-03-21 19:15:00,65476997.776041664
2023-03-23 16:30:00,68082650.015625
2023-03-25 13:45:00,66905106.09375
2023-03-27 11:00:00,64736539.223958336
2023-03-29 08:15:00,67663712.875
2023-03-31 05:30:00,62924013.994791664
2023-04-02 02:45:00,67624460.61979167
2023-04-04 00:00:00,66284318.265625
2023-04-05 21:15:00,68480910.5
2023-04-07 18:30:00,68565719.734375
2023-04-09 15:45:00,58015097.552083336
2023-04-11 13:00:00,66390435.34375
2023-04-13 10:15:00,68991695.52083333
2023-04-15 07:30:00,66006099.973958336
2023-04-17 04:45:00,67745782.796875
2023-04-19 02:00:00,25841457.817708332
2023-04-20 23:15:00,8326246.78125
2023-04-22 20:30:00,4963073.114583333
2023-04-24 17:45:00,7013524.838541667
2023-04-26 15:00:00,18995461.848958332
2023-04-28 12:15:00,16870496.234375
2023-04-30 09:30:00,22820966.552083332
2023-05-02 06:45:00,23409989.838541668
2023-05-04 04:00:00,32762745.755208332
2023-05-06 01:15:00,34766683.083333336
2023-05-07 22:30:00,19188101.171875
2023-05-09 19:45:00,22248443.973958332
2023-05-11 17:00:00,93442297.16666667
2023-05-13 14:15:00,123303086.65104167
2023-05-15 11:30:00,116617946.67708333
2023-05-17 08:45:00,135435478.28645834
2023-05-19 06:00:00,153173544.43229166
2023-05-21 03:15:00,155820779.38541666
2023-05-23 00:30:00,157956326.18229166
2023-05-24 21:45:00,172395257.78125
2023-05-26 19:00:00,168741425.59895834
2023-05-28 16:15:00,162487774.609375
2023-05-30 13:30:00,169154388.89583334
2023-06-01 10:45:00,128259452.96875
2023-06-03 08:00:00,133255768.05729167
2023-06-05 05:15:00,124825696.40625
2023-06-07 02:30:00,127809144.02604167
2023-06-08 23:45:00,136027616.33854166
2023-06-10 21:00:00,117359176.06770833
2023-06-12 18:15:00,132793395.51041667
2023-06-14 15:30:00,150106101.54166666
2023-06-16 12:45:00,159085683.67708334
2023-06-18 10:00:00,169109879.875
2023-06-20 07:15:00,107499556.078125
2023-06-22 04:30:00,135169656.796875
2023-06-24 01:45:00,142810172.63020834
2023-06-25 23:00:00,132208418.03645833
2023-06-27 20:15:00,134460127.19791666
2023-06-29 17:30:00,142737385.53125
2023-07-01 14:45:00,140017798.20833334
2023-07-03 12:00:00,90868323.67708333
2023-07-05 09:30:00,69503984.32291667
2023-07-07 06:45:00,76811481.78645833
2023-07-09 04:00:00,63847410.901041664
2023-07-11 01:15:00,73032488.23958333
2023-07-12 22:30:00,88264895.24479167
2023-07-14 20:00:00,98839254.09375
2023-07-16 18:00:00,102158602.39583333
2023-07-18 15:15:00,106725353.30208333
2023-07-20 12:30:00,113475333
2023-07-22 09:45:00,124356798.0625
2023-07-24 07:00:00,66666418.083333336
2023-07-26 04:15:00,72481088.15104167
2023-07-28 01:30:00,78328231.03125
2023-07-29 22:45:00,81912259.41145833
2023-07-31 20:00:00,79262184.33333333
2023-08-02 17:15:00,86660108
2023-08-04 14:30:00,83796076.06770833
2023-08-06 11:45:00,78218287.15104167
2023-08-08 09:00:00,81366917.234375
2023-08-10 06:15:00,91526443.71875
2023-08-12 03:30:00,89827891.421875
2023-08-14 00:45:00,91263849.07291667
2023-08-15 22:00:00,96720964.6875
2023-08-17 19:15:00,97242066.41666667
2023-08-19 17:00:00,66417070.807291664
2023-08-21 14:15:00,65017704.010416664
2023-08-23 11:30:00,79093614.27604167
2023-08-25 08:45:00,96672949.734375
2023-08-27 06:00:00,82841150.41145833
2023-08-29 03:15:00,103667249.578125
2023-08-31 01:00:00,26893304.734375
2023-09-01 22:15:00,71524834.828125
2023-09-03 19:30:00,86082935.10416667
2023-09-05 16:45:00,62239645.255208336
2023-09-07 14:00:00,125584722.05729167
2023-09-09 11:15:00,130935379.16145833
2023-09-11 08:30:00,134859087.66666666
2023-09-13 05:45:00,135350803.875
2023-09-15 03:00:00,142813659.17708334
2023-09-17 00:15:00,143446462.85416666
2023-09-18 21:30:00,115476221.83854167
2023-09-20 18:45:00,111342683.265625
2023-09-22 16:00:00,128196848.22916667
2023-09-24 13:15:00,131451610.890625
2023-09-26 10:30:00,120005559.453125
2023-09-28 07:45:00,101262254.28125
2023-09-30 05:00:00,75268735.734375
2023-10-02 02:15:00,35384659.260416664
2023-10-03 23:30:00,32154063.541666668
2023-10-05 20:45:00,64560744.723958336
2023-10-07 18:00:00,69360764.671875
2023-10-09 15:15:00,66934002.208333336
2023-10-11 12:30:00,71369904.66666667
2023-10-13 09:45:00,81172813.09895833
2023-10-15 07:00:00,73654882.77083333
2023-10-17 04:15:00,80953778.015625
2023-10-19 01:30:00,80668144.91145833
2023-10-20 22:45:00,92842414.234375
2023-10-22 20:00:00,97115197.5625
2023-10-24 17:15:00,104176352.453125
2023-10-26 14:30:00,112185961.546875
2023-10-28 11:45:00,118596778.765625
2023-10-30 09:00:00,111437756.36458333
2023-11-01 06:15:00,106267321.79166667
2023-11-03 03:30:00,117349488.85416667
2023-11-05 00:45:00,167844083.66145834
2023-11-06 22:15:00,167491191.22395834
2023-11-08 19:30:00,177061827.265625
2023-11-10 17:30:00,170951607.28645834
2023-11-12 14:45:00,184475563.47395834
2023-11-14 12:30:00,226227266.98958334
2023-11-16 09:45:00,162521543.32291666
2023-11-18 07:00:00,105858508.46875
2023-11-20 04:15:00,189532939.41145834
2023-11-22 01:30:00,211868936.86458334
2023-11-23 22:45:00,224726095.1875
2023-11-25 20:00:00,226159031.59375
2023-11-27 17:30:00,247985718.58854166
2023-11-29 14:45:00,230497503.84895834
2023-12-01 12:00:00,281631006.3385417
2023-12-03 09:15:00,234697922.72916666
2023-12-05 06:30:00,247466478.61979166
2023-12-07 03:45:00,229737993.01041666
2023-12-09 01:00:00,230180436.44791666
2023-12-10 22:15:00,234482173.86979166
2023-12-12 19:30:00,249110491.35416666
2023-12-14 16:45:00,269528320.3072917
2023-12-16 14:00:00,141804758.52604166
2023-12-18 11:15:00,110778713.06770833
2023-12-20 08:30:00,180831070.32291666
2023-12-22 05:45:00,200844290.04166666
2023-12-24 03:00:00,191098064.27083334
2023-12-26 01:00:00,204553529.65625
2023-12-27 22:30:00,176553308.359375
2023-12-29 19:45:00,76483968.171875
2023-12-31 17:45:00,78852444.734375
2024-01-02 15:00:00,128296807.09375
2024-01-04 12:15:00,197986498.11458334
2024-01-06 09:30:00,275602293.3854167
2024-01-08 06:45:00,306148742.984375
2024-01-10 04:00:00,325879615.890625
2024-01-12 01:15:00,321717761.0208333
2024-01-13 22:30:00,324899803.3125
2024-01-15 19:45:00,332977284.390625
2024-01-17 17:00:00,310367594.3020833
2024-01-19 14:15:00,327127805.4791667
2024-01-21 11:30:00,366049332.6770833
2024-01-23 08:45:00,373516644.1458333
2024-01-25 06:00:00,316581038.9270833
2024-01-27 03:15:00,276677066.3072917
2024-01-29 00:30:00,301129010.828125
2024-01-30 21:45:00,312373798.96875
2024-02-01 19:00:00,315604593.2239583
2024-02-03 16:15:00,309719081.140625
2024-02-05 13:30:00,280533462.015625
2024-02-07 10:45:00,222999743.69270834
2024-02-09 08:00:00,219423028.48958334
2024-02-11 05:15:00,182614771.03125
2024-02-13 02:30:00,178708832.84895834
2024-02-14 23:45:00,198847682.21875
2024-02-16 21:00:00,191018162.22395834
2024-02-18 18:15:00,186243399.41145834
2024-02-20 15:30:00,177328212.48958334
2024-02-22 12:45:00,173303382.15625
2024-02-24 10:00:00,162872552.109375
2024-02-26 07:15:00,127878635.21354167
2024-02-28 04:30:00,148026626.04166666
2024-03-01 01:45:00,171515976.078125
2024-03-02 23:00:00,178730935.90625
2024-03-04 20:15:00,195672706.609375
2024-03-06 17:30:00,190060123.91666666
2024-03-08 14:45:00,190770873.94791666
2024-03-10 12:00:00,166679080.46875
2024-03-12 09:15:00,133787485.58854167
2024-03-14 06:30:00,116514512.30729167
2024-03-16 03:45:00,123162392.09895833
2024-03-18 01:00:00,121881001.34895833
